set,motivo,cuadernillo,url
42112-1,flotante flota sin-camino-recto (Technic),1/2,https://www.lego.com/cdn/product-assets/product.bi.core.pdf/6356979.pdf
42112-1,flotante flota sin-camino-recto (Technic),2/2,https://www.lego.com/cdn/product-assets/product.bi.core.pdf/6356981.pdf
60083-1,flotante flota (City chico),1/1,https://www.lego.com/cdn/product-assets/product.bi.core.pdf/6114503.pdf
10185-1,flotante subarmado colision (radiador),1/3,https://www.lego.com/cdn/product-assets/product.bi.core.pdf/4534534.pdf
10185-1,flotante subarmado colision (radiador),2/3,https://www.lego.com/cdn/product-assets/product.bi.core.pdf/4534535.pdf
10185-1,flotante subarmado colision (radiador),3/3,https://www.lego.com/cdn/product-assets/product.bi.core.pdf/4534536.pdf
76161-1,colision,1/1,https://www.lego.com/cdn/product-assets/product.bi.core.pdf/6343711.pdf
10265-1,colision,1/1,https://www.lego.com/cdn/product-assets/product.bi.core.pdf/6301994.pdf
10283-1,subarmado-en-varias-partes,1/1,https://www.lego.com/cdn/product-assets/product.bi.core.pdf/6366438.pdf
42000-1,sin-camino-recto (paneles),1/3,https://www.lego.com/cdn/product-assets/product.bi.core.pdf/6037204.pdf
42000-1,sin-camino-recto (paneles),2/3,https://www.lego.com/cdn/product-assets/product.bi.core.pdf/6037211.pdf
42000-1,sin-camino-recto (paneles),3/3,https://www.lego.com/cdn/product-assets/product.bi.core.pdf/6044016.pdf
10248-1,sin-camino-recto,1/1,https://www.lego.com/cdn/product-assets/product.bi.core.pdf/6170203.pdf
7326-1,se-vuelca,1/2,https://www.lego.com/cdn/product-assets/product.bi.core.pdf/4624630.pdf
7326-1,se-vuelca,2/2,https://www.lego.com/cdn/product-assets/product.bi.core.pdf/4626461.pdf
10241-1,flota,1/2,https://www.lego.com/cdn/product-assets/product.bi.core.pdf/6104041.pdf
10241-1,flota,2/2,https://www.lego.com/cdn/product-assets/product.bi.core.pdf/6104042.pdf
21010-1,sin errores,1/1,https://www.lego.com/cdn/product-assets/product.bi.core.pdf/4666332.pdf
42106-1,sin errores,1/1,https://www.lego.com/cdn/product-assets/product.bi.core.pdf/6310645.pdf
8063-1,sin errores,1/2,https://www.lego.com/cdn/product-assets/product.bi.core.pdf/4565345.pdf
8063-1,sin errores,2/2,https://www.lego.com/cdn/product-assets/product.bi.core.pdf/4565346.pdf
75948-1,sin errores,1/1,https://www.lego.com/cdn/product-assets/product.bi.core.pdf/6282798.pdf
21037-1,sin errores,1/1,https://www.lego.com/cdn/product-assets/product.bi.core.pdf/6532389.pdf
