set,name,theme,year,models,parts,lic
10001-1,Metroliner,Train,2001,2,787,False
10002-1,Railroad Club Car,Train,2001,1,293,False
10013-1,Open Freight Wagon,Train > 9V,2001,1,121,False
10014-1,Caboose,Train > 9V,2001,1,170,False
10015-1,Passenger Wagon,Train > 9V,2001,1,194,False
10016-1,Tanker,Train > 9V,2001,1,128,False
10017-1,Hopper Wagon,Train > 9V,2001,1,228,False
10018-1,Darth Maul,Star Wars > Ultimate Collector Series,2001,1,1868,True
10019-1,Rebel Blockade Runner,Star Wars > Ultimate Collector Series,2001,1,1748,True
10020-1,Santa Fe Super Chief,Train > 9V,2002,1,435,False
10022-1,"Santa Fe Cars - Set II (dining, observation, or sleeping car)",Train > 9V,2002,3,411,False
10025-1,Santa Fe Cars - Set I (mail or baggage car),Train > 9V,2002,2,326,False
10030-1,Imperial Star Destroyer,Star Wars > Ultimate Collector Series,2002,1,3116,True
10036-1,Pizza To Go,Town,2002,1,151,False
10037-1,Breezeway Cafe,Town,2002,1,195,False
10124-1,Wright Flyer,Creator > Creator Expert,2003,1,663,False
10128-1,Train Level Crossing,Town > World City,2003,1,327,False
10129-1,Rebel Snowspeeder,Star Wars > Ultimate Collector Series,2003,1,1457,True
10133-1,Burlington Northern Santa Fe Locomotive,Train > 9V,2004,1,409,False
10134-1,Y-wing Attack Starfighter,Star Wars > Ultimate Collector Series,2004,1,1490,True
10143-1,Death Star II,Star Wars > Ultimate Collector Series,2005,1,3461,True
10156-1,LEGO Truck,Town,2004,1,105,False
10158-1,High Speed Train Car,Town > World City,2004,1,161,False
10159-1,City Airport,City > Airport,2004,1,914,False
10170-1,TTX Intermodal Double-Stack Car,Train > 9V,2005,1,366,False
10174-1,Imperial AT-ST,Star Wars > Ultimate Collector Series,2006,1,1069,True
10175-1,Vader's TIE Advanced,Star Wars > Ultimate Collector Series,2006,1,1212,True
10176-1,Royal King's Castle,Castle > Knights Kingdom II,2006,1,877,False
10179-1,Millennium Falcon,Star Wars > Ultimate Collector Series,2007,1,5198,True
10182-1,Cafe Corner,Modular Buildings,2007,1,2058,False
10183-1,Hobby Train,Factory,2007,20,1080,False
10184-1,Town Plan,Town > Town Plan,2008,1,2011,False
10185-1,Green Grocer,Modular Buildings,2008,1,2358,False
10190-1,Market Street,Modular Buildings,2007,1,1250,False
10194-1,Emerald Night,Creator > Creator Expert,2009,1,1091,False
10197-1,Fire Brigade,Modular Buildings,2009,1,2236,False
10205-1,Locomotive,Train > 9V,2002,1,234,False
10212-1,Imperial Shuttle,Star Wars > Ultimate Collector Series,2010,1,2503,True
10213-1,Shuttle Adventure,Creator > Creator Expert,2010,1,1204,False
10214-1,Tower Bridge,Creator > Creator Expert,2010,1,4295,False
10218-1,Pet Shop,Modular Buildings,2011,1,2034,False
10220-1,Volkswagen T1 Camper Van,Creator > Creator Expert,2011,1,1332,False
10224-1,Town Hall,Modular Buildings,2012,1,2772,False
10226-1,Sopwith Camel,Creator > Creator Expert,2012,1,879,False
10227-1,B-wing Starfighter,Star Wars > Ultimate Collector Series,2012,1,1487,True
10230-1,Mini Modulars,Modular Buildings > Mini,2012,1,1356,False
10232-1,Palace Cinema,Modular Buildings,2013,1,2194,False
10233-1,Horizon Express,Creator > Creator Expert,2013,1,1351,False
10240-1,Red Five X-Wing Starfighter,Star Wars > Ultimate Collector Series,2013,1,1558,True
10241-1,Maersk Line Triple-E,Creator > Creator Expert,2014,1,1518,False
10242-1,MINI Cooper,Creator > Creator Expert,2014,1,1077,False
10243-1,Parisian Restaurant,Modular Buildings,2014,1,2470,False
10246-1,Detective’s Office,Modular Buildings,2015,1,2262,False
10248-1,Ferrari F40,Creator > Creator Expert,2015,1,1158,False
10251-1,Brick Bank,Modular Buildings,2016,1,2384,False
10252-1,Volkswagen Beetle,Creator > Creator Expert,2016,1,1167,False
10253-1,Big Ben,Creator > Creator Expert,2016,1,4167,False
10256-1,Taj Mahal,Creator > Creator Expert,2017,1,5923,False
10258-1,London Bus,Creator > Creator Expert,2017,1,1686,False
10261-1,Roller Coaster,Creator > Creator Expert,2018,1,4124,False
10262-1,James Bond Aston Martin DB5,Creator > Creator Expert,2018,1,1297,False
10264-1,Corner Garage,Modular Buildings,2019,1,2569,False
10265-1,Ford Mustang,Creator > Creator Expert,2019,2,1471,False
10267-1,Gingerbread House,Seasonal > Christmas > Creator,2019,1,1477,False
10269-1,Harley-Davidson Fat Boy,Creator > Creator Expert,2019,1,1023,False
10270-1,Bookshop,Modular Buildings,2020,1,2504,False
10271-1,Fiat 500,Creator > Creator Expert,2020,1,960,False
10272-1,Old Trafford - Manchester United,Creator > Creator Expert,2020,1,3898,False
10276-1,Colosseum,Icons,2020,1,9036,False
10277-1,Crocodile Locomotive,Icons,2020,1,1279,False
10278-1,Police Station,Modular Buildings,2021,1,2923,False
10280-1,Flower Bouquet,Botanicals,2021,1,756,False
10281-1,Bonsai,Botanicals,2021,2,878,False
10283-1,NASA Space Shuttle Discovery,Icons,2021,1,2355,False
1029-1,Milk Delivery Truck - Tine,Town,1999,1,91,False
10294-1,Titanic,Icons,2021,1,9092,False
10295-1,Porsche 911 Turbo & 911 Targa,Icons,2021,2,1458,False
10297-1,Boutique Hotel,Modular Buildings,2022,1,3068,False
10298-1,Vespa 125,Icons,2022,1,1107,False
10315-1,Tranquil Garden,Icons,2023,1,1363,False
10349-1,Happy Plants,Botanicals,2025,1,217,False
10359-1,Fountain Garden,Icons,2025,1,1302,False
106-1,UNICEF Van,Town > Classic Town,1985,1,59,False
1069-1,Speedboat,Town > Res-Q,1999,1,22,False
107-2,Canada Post Mail Truck,Town > Classic Town,1985,1,138,False
10885-1,My First Fun Puzzle,Duplo,2019,1,15,False
10918-1,Tow Truck,Duplo > Town,2020,1,7,False
1096-1,Race Buggy,Town > Extreme Team,1997,1,23,False
1097-1,Res-Q Runner,Town > Res-Q,1999,1,18,False
112-2,Locomotive with Motor,Train > 4.5V,1966,1,74,False
1180-1,Space Port Moon Buggy,Town > Space Port,1999,1,25,False
121-1,Roadster,Fabuland,1979,1,23,False
1210-2,Small Store Set,System > Town Plan,1955,2,29,False
1211-2,Small House Set,System > Town Plan,1955,2,19,False
1212-2,Small House - Left Set,System > Town Plan,1955,1,21,False
1213-2,Small House - Right Set,System > Town Plan,1955,1,21,False
126-1,Steam Locomotive (Push),Train > 4.5V,1970,1,60,False
1462-1,Galactic Scout,Space > Blacktron II,1992,1,23,False
1472-1,Holiday Home,Town > Classic Town,1987,1,363,False
1477-1,{Red Race Car Number 3},Town > Classic Town,1991,1,39,False
1478-1,Mobile Satellite Up-Link,Space > M:Tron,1991,1,31,False
1479-1,2-Pilot Craft,Space > Blacktron II,1991,1,34,False
148-1,Central Station,Train > 4.5V,1975,1,293,False
1484-1,Weetabix Town House,Town > Classic Town,1987,1,215,False
1489-1,Mobile Car Crane,Town > Classic Town,1989,1,175,False
1490-1,Town Bank,Town > Classic Town,1988,1,196,False
1496-1,Rally Car,Town > Classic Town,1987,1,52,False
1499-1,Twin Starfire,Space > Classic Space,1987,1,89,False
1517-1,Race Car,Town > Classic Town,1989,1,32,False
1528-1,Dragster,Town > Classic Town,1986,1,29,False
1557-1,Scooter,Space > Classic Space,1986,1,26,False
1572-1,Super Tow Truck,Town > Classic Town,1986,1,80,False
158-1,Railroad Crossing Gate,Train > 4.5V,1969,1,8,False
1591-1,Danone Truck,Town > Classic Town,1980,1,40,False
1620-1,Astro Dart,Space > Futuron,1990,1,30,False
1621-1,Lunar MPV Vehicle,Space > Futuron,1990,1,96,False
1631-1,Black Racer,Town > Classic Town,1990,1,23,False
1632-1,Motor Boat,Town > Classic Town,1990,1,28,False
1633-1,Loader Tractor,Town > Classic Town,1990,1,24,False
164-1,Passenger Wagon,Train > 4.5V,1978,3,158,False
165-1,Cargo Station,Train > 4.5V,1978,1,266,False
1656-1,Evacuation Team,Town > Classic Town,1991,1,244,False
166-1,Flat Wagon,Train > 4.5V,1978,1,51,False
167-1,Loading Ramp and Car Transport Wagon,Train > 4.5V,1978,1,100,False
1680-1,Hay Cart with Smugglers,Castle > Forestmen,1990,1,67,False
1682-1,Space Shuttle,Town > Classic Town,1990,1,420,False
1702-1,Fire Fighter 4 x 4,Town > Classic Town,1994,1,59,False
1704-1,Ice Planet Satellite Plough,Space > Ice Planet 2002,1994,1,47,False
17101-1,Creative Toolbox,Other,2017,2,847,False
1713-1,Shipwrecked Pirate,Pirates > Pirates I,1994,1,23,False
1714-1,Surveillance Scooter,Space > Spyrius,1995,1,23,False
1731-1,Ice Planet Scooter,Space > Ice Planet 2002,1994,1,19,False
1772-1,Airport Container Truck,Town > Classic Town,1992,1,80,False
1773-1,Airline Maintenance Vehicle with Trailer,Promotional > Airlines,1996,1,109,False
1775-1,Jet,Town > Classic Town,1994,1,165,False
1787-1,Crater Cruiser,Space > Unitron,1995,1,183,False
1789-1,Star Hawk II,Space > Unitron,1995,1,293,False
1792-1,Pleasure Cruiser,Town > Classic Town,1994,1,66,False
1793-1,Space Station Zenon,Space > Unitron,1995,1,352,False
1808-1,Light Aircraft and Ground Support,Town > Classic Town,1996,1,127,False
1831-1,Maersk Line Container Lorry,Town > Classic Town,1995,1,205,False
1854-1,House with Roof-Windows ( Velux ),Town > Classic Town,1996,1,153,False
1869-1,South African Flag,Universal Building Set > Basic,1996,1,81,False
1875-1,Meteor Monitor,Space > Blacktron I,1990,1,32,False
1887-1,Scout Patrol Ship,Space > Blacktron II,1992,1,30,False
1896-1,Trauma Team,Town > Classic Town,1992,1,296,False
1916-1,Starion Patrol,Space > Space Police II,1993,1,23,False
1952-1,Dairy Tanker,Town > Classic Town,1989,1,129,False
1969-1,Mini Robot,Space > Space Police II,1993,1,38,False
1972-1,Go-Cart,Technic,1985,1,98,False
1974-3,Smuggler's Hayride,Castle > Forestmen,1989,1,50,False
1974-4,Star Quest,Space > Futuron,1989,1,37,False
1991-1,Racing Pickup,Town > Classic Town,1993,1,81,False
20004-1,Jungle Cruiser,Indiana Jones,2008,1,83,True
20006-1,Clone Turbo Tank - Mini,Star Wars,2008,1,64,True
20009-1,AT-TE Walker - Mini,Star Wars,2009,1,94,True
20011-1,Garbage Truck,Creator,2009,1,74,False
20014-1,4 x 4 Dynamo,Creator,2010,1,69,False
20015-1,Alligator,Creator,2010,1,89,False
20019-1,Slave I,Star Wars,2011,1,76,True
20021-1,Bounty Hunter Gunship - Mini,Star Wars,2011,1,81,True
21000-1,Sears Tower,Architecture,2008,1,69,False
21000-2,Willis Tower,Architecture,2011,1,69,False
21001-1,John Hancock Center,Architecture,2008,1,72,False
21002-1,Empire State Building,Architecture,2009,1,77,False
21003-1,Seattle Space Needle,Architecture,2009,1,57,False
21004-1,Solomon R. Guggenheim Museum,Architecture,2009,1,208,False
21005-1,Fallingwater,Architecture,2009,1,811,False
21006-1,The White House,Architecture,2010,1,561,False
21007-1,Rockefeller Center,Architecture,2010,1,240,False
21008-1,Burj Khalifa,Architecture,2011,1,208,False
21009-1,Farnsworth House,Architecture,2011,1,546,False
21010-1,Robie House,Architecture,2011,1,2276,False
21011-1,Brandenburg Gate,Architecture,2011,1,363,False
21012-1,Sydney Opera House,Architecture,2012,1,270,False
21013-1,Big Ben,Architecture,2012,1,346,False
21014-1,Villa Savoye,Architecture,2012,1,660,False
21015-1,The Leaning Tower of Pisa,Architecture,2013,1,345,False
21016-1,Sungnyemun,Architecture,2012,1,325,False
21017-1,Imperial Hotel,Architecture,2013,1,1188,False
21018-1,United Nations Headquarters,Architecture,2013,1,597,False
21019-1,Eiffel Tower,Architecture,2014,1,320,False
21020-1,The Trevi Fountain,Architecture,2014,1,731,False
21021-1,Marina Bay Sands,Architecture,2014,1,602,False
21022-1,Lincoln Memorial,Architecture,2015,1,274,False
21023-1,Flatiron Building,Architecture,2015,1,471,False
21024-1,Louvre,Architecture,2015,1,695,False
21026-1,Venice,Architecture > Skylines,2016,1,212,False
21027-1,Berlin,Architecture > Skylines,2016,1,289,False
21028-1,New York City,Architecture > Skylines,2016,1,598,False
21029-1,Buckingham Palace,Architecture,2016,1,780,False
21030-1,United States Capitol Building,Architecture,2016,1,1032,False
21031-1,Burj Khalifa,Architecture,2016,1,333,False
21032-1,Sydney,Architecture > Skylines,2017,1,361,False
21033-1,Chicago,Architecture > Skylines,2017,1,444,False
21034-1,London,Architecture > Skylines,2017,1,468,False
21035-1,Solomon R. Guggenheim Museum,Architecture,2017,1,744,False
21036-1,Arc de Triomphe,Architecture,2017,1,386,False
21037-1,LEGO House,Architecture,2017,1,774,False
21039-1,Shanghai,Architecture > Skylines,2018,1,597,False
21041-1,Great Wall of China,Architecture,2018,1,550,False
21042-1,Statue of Liberty,Architecture,2018,1,1685,False
21043-1,San Francisco,Architecture > Skylines,2019,1,565,False
21045-1,Trafalgar Square,Architecture,2019,1,1197,False
21046-1,Empire State Building,Architecture,2019,1,1767,False
21047-1,Las Vegas,Architecture > Skylines,2018,1,501,False
21051-1,Tokyo,Architecture > Skylines,2020,1,547,False
21052-1,Dubai,Architecture > Skylines,2020,1,740,False
21107-1,Micro World - The End,Minecraft,2014,1,440,True
21113-1,The Cave,Minecraft,2014,1,249,True
2130-1,Danone Promotional Set: Duck,Universal Building Set > Basic,1996,1,7,False
21302-1,The Big Bang Theory,LEGO Ideas and CUUSOO,2015,1,498,True
21303-1,WALL•E [Original Version],LEGO Ideas and CUUSOO,2015,1,677,True
21307-1,Caterham Seven 620R,LEGO Ideas and CUUSOO,2016,1,771,True
21309-1,NASA Apollo Saturn V,LEGO Ideas and CUUSOO,2017,1,1969,True
21311-1,Voltron,LEGO Ideas and CUUSOO,2018,2,2321,True
21318-1,Tree House,LEGO Ideas and CUUSOO,2019,2,3037,True
21319-1,Central Perk,LEGO Ideas and CUUSOO,2019,1,1070,True
2132-1,Danone Promotional Set: Cow,Universal Building Set > Basic,1996,1,10,False
21321-1,International Space Station,LEGO Ideas and CUUSOO,2020,1,864,True
21323-1,Grand Piano,LEGO Ideas and CUUSOO,2020,1,3662,True
21325-1,Medieval Blacksmith,LEGO Ideas and CUUSOO,2021,1,2164,True
2133-1,Danone Promotional Set: Impala,Universal Building Set > Basic,1996,1,12,False
2134-1,Danone Promotional Set: Bison,Universal Building Set > Basic,1996,1,10,False
2140-1,ANWB Roadside Assistance Crew,Town > Classic Town,1996,1,264,False
2148-1,LEGO Truck,Town > Classic Town,1997,1,105,False
2149-1,Color Line Container Lorry,Town > Classic Town,1997,1,185,False
2150-1,Train Station,Train > 9V,1996,1,610,False
2531-1,Rescue Helicopter and Jeep,Town,1998,1,99,False
2541-1,Adventurers Car,Adventurers > Desert,1998,1,25,False
2542-1,Adventurers Aeroplane,Adventurers > Desert,1998,1,22,False
2584-1,Biker Bob,Town > Town Jr.,1998,1,22,False
261-1,Bathroom,Homemaker,1979,1,180,False
262-2,Complete Children's Room Set,Homemaker,1972,1,260,False
2845-1,Indian Chief,Western,1997,1,20,False
2846-1,Indian Kayak,Western,1997,1,18,False
2882-1,Speedboat,Town > Classic Town,1997,1,22,False
2962-1,Res-Q Lifeguard,Town > Res-Q,1998,1,70,False
30022-1,Bee,Creator,2011,1,23,False
30023-1,Lighthouse,Creator,2011,1,25,False
30024-1,Truck,Creator,2011,1,56,False
30025-1,Clown Fish,Creator,2011,1,59,False
30026-1,Panda,Creator,2011,1,61,False
30027-1,Reindeer,Creator,2011,1,66,False
30028-1,Wreath,Seasonal > Christmas,2011,1,50,False
30029-1,Pudsey Bear,Creator,2011,1,95,False
30030-1,Racing Car,Racers,2010,1,29,False
30033-1,Racing Truck,Racers,2010,1,40,False
30034-1,Racing Tow Truck,Racers,2010,1,34,False
30035-1,Racing Car,Racers,2010,1,30,False
30036-1,Buggy Racer,Racers,2011,1,28,False
30050-1,Republic Attack Shuttle - Mini,Star Wars,2010,1,54,True
30051-1,X-wing Fighter - Mini,Star Wars,2010,1,61,True
30052-1,AAT - Mini,Star Wars,2011,1,46,True
30053-1,Republic Attack Cruiser - Mini,Star Wars,2011,1,41,True
30054-1,AT-ST - Mini,Star Wars,2011,1,46,True
30055-1,Vulture Droid - Mini,Star Wars,2011,1,42,True
30056-1,Star Destroyer,Star Wars,2012,1,38,True
30090-1,Desert Glider,Pharaoh's Quest,2011,1,29,False
30091-1,Desert Rover,Pharaoh's Quest,2011,1,31,False
30100-1,Andrea on the Beach,Friends,2012,1,28,True
30101-1,Skate Boarder,Friends,2012,1,28,True
30102-1,Desk,Friends,2012,1,28,True
30103-1,Car,Friends,2012,1,32,True
30105-1,Stephanie and Mailbox,Friends,2012,1,41,True
3015-1,Space Police Car,Space > Space Police II,1999,1,23,False
30161-1,Batmobile,Super Heroes DC > Batman,2012,1,45,True
30181-1,Helicopter,Creator,2012,1,52,False
30190-1,Ferrari 150° Italia,Racers > Ferrari,2012,1,34,True
30191-1,Scuderia Ferrari Truck,Racers > Ferrari,2012,1,41,True
30192-1,F40,Racers > Ferrari,2012,1,48,True
30193-1,250 GT Berlinetta,Racers > Ferrari,2012,1,25,True
30194-1,458 Italia,Racers > Ferrari,2012,1,33,True
30195-1,FXX,Racers > Ferrari,2012,1,53,True
30201-1,Ghost,Monster Fighters,2012,1,33,False
30210-1,Frodo with Cooking Corner,The Hobbit and Lord of the Rings > The Lord of the Rings,2012,1,35,True
30259-1,Azari’s Magic Fire,Elves,2015,1,27,False
30277-1,First Order Star Destroyer,Star Wars,2016,1,56,True
30283-1,Off-Road,Creator,2015,1,43,False
30284-1,Tractor,Creator,2015,1,51,False
30285-1,Tiger,Creator,2015,1,73,False
30300-1,The Batman Tumbler,Super Heroes DC > Batman,2014,1,57,True
30311-1,Swamp Police Helicopter,City > Police,2015,1,51,False
30312-1,Demolition Driller,City > Construction,2015,1,40,False
30313-1,Garbage Truck,City > Traffic,2015,1,48,False
30472-1,Parrot,Creator,2016,1,43,False
30542-1,Cute Pug,Creator > Creator 3-in-1,2018,3,68,False
3056-1,Go-Kart,Town,1998,1,23,False
30571-1,Pelican,Creator > Creator 3-in-1,2019,1,62,False
30572-1,Race Car,Creator,2019,1,68,False
3061-1,City Park Café,Friends,2012,1,247,True
3063-1,Heartlake Flying Club,Friends,2012,1,197,True
310-3,Tug,Boat,1973,1,46,False
31009-1,Small Cottage,Creator > Creator 3-in-1,2013,3,271,False
31025-1,Mountain Hut,Creator > Creator 3-in-1,2014,3,550,False
31027-1,Blue Racer,Creator > Creator 3-in-1,2015,3,67,False
31028-1,Sea Plane,Creator > Creator 3-in-1,2015,3,53,False
31031-1,Rainforest Animals,Creator > Creator 3-in-1,2015,3,215,False
31037-1,Adventure Vehicles,Creator > Creator 3-in-1,2015,3,282,False
31038-1,Changing Seasons,Creator > Creator 3-in-1,2015,3,536,False
31039-1,Blue Power Jet,Creator > Creator 3-in-1,2015,3,608,False
31040-1,Desert Racers,Creator > Creator 3-in-1,2016,3,65,False
31045-1,Ocean Explorer,Creator > Creator 3-in-1,2016,3,213,False
31048-1,Lakeside Lodge,Creator > Creator 3-in-1,2016,3,370,False
31049-1,Twin Spin Helicopter,Creator > Creator 3-in-1,2016,3,326,False
31063-1,Beachside Vacation,Creator > Creator 3-in-1,2017,3,275,False
31066-1,Space Shuttle Explorer,Creator > Creator 3-in-1,2017,3,285,False
31070-1,Turbo Track Racer,Creator > Creator 3-in-1,2017,1,670,False
31072-1,Extreme Engines,Creator > Creator 3-in-1,2018,3,109,False
31084-1,Pirate Roller Coaster,Creator > Creator 3-in-1,2018,3,923,False
31088-1,Deep Sea Creatures,Creator > Creator 3-in-1,2019,4,230,False
31092-1,Helicopter Adventure,Creator > Creator 3-in-1,2019,3,114,False
311-1,Ferry,Boat,1973,1,83,False
31153-1,Modern House,Creator > Creator 3-in-1,2024,1,939,False
31197-1,Andy Warhol's Marilyn Monroe,LEGO Art,2020,4,3341,False
31199-1,Marvel Studios Iron Man,LEGO Art,2020,4,3167,False
312-3,Tanker,Boat,1973,1,112,False
31203-1,World Map,LEGO Art,2021,1,11695,False
31313-1,Mindstorms EV3,Mindstorms > EV3,2013,4,601,False
314-1,Police Boat,Boat,1976,1,53,False
315-2,Container Transport,Boat,1976,1,86,False
316-1,Fire Fighter Ship,Boat,1978,1,142,False
3178-1,Seaplane,City > Harbor,2010,1,102,False
3179-1,Repair Truck,City > Traffic,2010,1,123,False
3180-1,Tank Truck,City > Traffic,2010,1,222,False
3181-1,Passenger Plane,City > Airport,2010,1,309,False
3183-1,Stephanie's Cool Convertible,Friends,2012,1,149,True
3184-1,Adventure Camper,Friends,2012,1,325,True
3185-1,Summer Riding Camp,Friends,2012,1,1160,True
3186-1,Emma's  Horse Trailer,Friends,2012,1,233,True
3187-1,Butterfly Beauty Shop,Friends,2012,1,241,True
3188-1,Heartlake Vet,Friends,2012,1,371,True
3189-1,Heartlake Stables,Friends,2012,1,426,True
3219-1,TIE Fighter - Mini,Star Wars,2003,1,12,True
3221-1,LEGO Truck,City > Traffic,2010,1,278,False
3223-1,Orange Fish,Creator > Designer Sets,2003,3,43,False
3314-1,Stadium Security,Sports > Soccer,1998,1,144,False
3315-1,Olivia's House,Friends,2012,1,727,True
3316-1,Friends Advent Calendar 2012,Seasonal > Advent > Friends,2012,1,214,True
3404-1,Team Bus (Black),Sports > Soccer,2000,1,132,False
3405-1,Team Bus (Blue),Sports > Soccer,2000,1,132,False
341-2,Cathy Cat's & Morty Mouse's Cottage,Fabuland,1979,1,115,False
3442-1,LEGOLAND California Truck,Town,1998,1,106,False
345-1,House with Mini Wheel Car,Legoland > Building,1969,1,132,False
346-2,House with Car,Legoland > Building,1969,1,167,False
347-3,Doc David's Hospital,Fabuland,1979,1,111,False
349-1,Swiss Chalet,Legoland > Building,1971,1,81,False
350-3,Town Hall,Fabuland,1979,1,147,False
3501-1,Jet-Car,Znap,1998,9,26,False
358-1,Rocket Base,Legoland > Space,1973,1,276,False
3602-1,Bianca Lamb and Stroller,Fabuland,1980,1,6,False
3605-1,Ricky Racoon and his Scooter,Fabuland,1980,1,2,False
361-2,Garage,Town > Classic Town,1979,1,79,False
3624-1,Flower Car,Fabuland,1985,1,27,False
3625-1,Aeroplane,Fabuland,1985,1,11,False
3628-1,Perry Panda & Chester Chimp,Fabuland,1981,1,5,False
3636-1,Lucy Lamb's Bedroom,Fabuland,1987,1,26,False
3637-1,Gertrude Goat's Painter's Truck,Fabuland,1983,1,16,False
364-1,Harbour Scene,Legoland > Harbor,1975,1,516,False
3641-1,Car & Camper,Fabuland,1985,1,25,False
3644-1,Mayor's Car,Fabuland,1986,1,12,False
365-1,Wild West Scene,Legoland > Western,1975,1,596,False
3654-1,Country Cottage,Fabuland,1982,1,49,False
3659-1,Play Ground,Fabuland,1987,1,18,False
3660-1,Fisherman's Cottage,Fabuland,1985,1,33,False
3667-1,Bakery,Fabuland,1982,1,73,False
3668-1,Merry-Go-Round,Fabuland,1986,1,53,False
3669-1,Fire & Police Station,Fabuland,1982,1,42,False
367-1,Moon Landing,Legoland > Space,1975,1,364,False
3670-1,Service Station,Fabuland,1984,1,60,False
3674-1,Bonnie Bunny's New House,Fabuland,1987,1,50,False
3676-1,Catherine Cat's Fun Park,Fabuland,1989,1,50,False
3678-1,The Fabuland House,Fabuland,1982,1,145,False
3681-1,Amusement Park,Fabuland,1985,1,111,False
3682-1,Fire Station,Fabuland,1987,1,157,False
3683-1,Amusement Park,Fabuland,1988,1,100,False
3701-1,Fisherman Cornelius Cat,Fabuland,1982,1,3,False
3704-1,Marjorie Mouse,Fabuland,1982,1,3,False
3707-1,Clover Cow,Fabuland,1982,1,3,False
3708-1,Rufus Rabbit,Fabuland,1982,1,4,False
3715-1,Flower Stand,Fabuland,1985,1,21,False
3716-1,Office,Fabuland,1985,1,10,False
3718-1,Small Cafe,Fabuland,1986,1,7,False
3721-1,Clive Crocodile on Skateboard,Fabuland,1988,1,13,False
374-1,Fire Station,Town > Classic Town,1978,1,338,False
3740-1,Small Locomotive,Train > 9V,2001,1,66,False
3741-1,Large Locomotive (base unit without color trim elements),Train > 9V,2001,1,91,False
3742-1,Tender Basis (without color trim elements),Train > 9V,2001,1,41,False
376-2,Town House with Garden,Town > Classic Town,1978,1,248,False
377-1,Shell Service Station,Town > Classic Town,1978,1,191,False
3782-1,Photographer Patrick Parrot,Fabuland,1982,1,5,False
3784-1,Hugo Hog the Tinker,Fabuland,1982,1,5,False
3791-1,William Walrus,Fabuland,1984,1,7,False
3792-1,Lisa Lamb's Bedroom,Fabuland,1985,1,17,False
3794-1,Police Motorcycle,Fabuland,1985,1,15,False
3795-1,Kitchen,Fabuland,1985,1,29,False
3796-1,Small Bakery,Fabuland,1986,1,31,False
3798-1,Hanna's Garden,Fabuland,1988,1,25,False
390-2,1913 Cadillac,Hobby Sets,1975,1,200,False
392-1,Formula 1,Hobby Sets,1975,1,197,False
3930-1,Stephanie's Outdoor Bakery,Friends,2012,1,45,True
3931-1,Emma's Splash Pool,Friends,2012,1,43,True
3932-1,Andrea’s Stage,Friends,2012,1,87,True
3933-1,Olivia's Invention Workshop,Friends,2012,1,86,True
3934-1,Mia’s Puppy House,Friends,2012,1,83,True
3935-1,Stephanie’s Pet Patrol,Friends,2012,1,73,True
3936-1,Emma’s Fashion Design Studio,Friends,2012,1,81,True
3937-1,Olivia's Speedboat,Friends,2012,1,65,True
3938-1,Andrea's Bunny House,Friends,2012,1,64,True
3939-1,Mia's Bedroom,Friends,2012,1,87,True
3942-1,Heartlake Dog Show,Friends,2012,1,202,True
395-1,1909 Rolls-Royce,Hobby Sets,1976,1,284,False
396-1,Thatcher Perkins Locomotive,Hobby Sets,1976,1,433,False
40011-1,Thanksgiving Turkey,Seasonal > Thanksgiving,2010,1,53,False
40012-1,Halloween Pumpkin,Seasonal > Halloween,2010,1,18,False
40013-1,Halloween Ghost,Seasonal > Halloween,2010,1,18,False
40014-1,Halloween Bat,Seasonal > Halloween,2010,1,25,False
4002-1,Riptide Racer,Boat,1996,1,54,False
4002020-1,Celebrating 40 Years of Hands-on Learning,LEGO Exclusive,2020,1,919,False
4005-1,Tug Boat,Boat,1982,1,66,False
4010-1,Police Rescue Boat,Boat,1987,1,83,False
40138-1,Christmas Train,Seasonal > Christmas,2015,1,233,False
40141-1,Bricktober Hotel,Promotional > Bricktober,2015,1,204,False
40142-1,Bricktober Train Station,Promotional > Bricktober,2015,1,180,False
40143-1,Bricktober Bakery,Promotional > Bricktober,2015,1,234,False
40144-1,Bricktober Toys R Us Store,Promotional > Bricktober,2015,1,165,False
40148-1,Year Of The Sheep,Seasonal > Chinese (Lunar) New Year,2015,1,100,False
4015-1,Freighter,Boat,1982,1,81,False
4016-1,Racer,Creator > Early Creator,2001,1,21,False
4017-1,Sea Helicopter,Creator > Early Creator,2001,1,13,False
4018-1,Ship,Creator > Early Creator,2001,1,12,False
40180-1,Bricktober Theater,Promotional > Bricktober,2014,1,164,False
40181-1,Bricktober Pizza Place,Promotional > Bricktober,2014,1,139,False
40182-1,Bricktober Fire Station,Promotional > Bricktober,2014,1,175,False
40183-1,Bricktober Town Hall,Promotional > Bricktober,2014,1,186,False
4019-1,Aeroplane,Creator > Early Creator,2001,1,17,False
40190-1,F138,Promotional,2014,1,42,False
40191-1,F12berlinetta,Promotional,2014,1,45,False
40192-1,250 GTO,Promotional,2014,1,47,False
40193-1,512 S,Promotional,2014,1,50,False
40194-1,Finish Line & Podium,Promotional,2014,1,64,False
40195-1,Shell Station,Promotional,2014,1,80,False
40199-1,Billund Airport,LEGO Brand Store,2018,1,286,False
4025-1,Fire Boat,Boat,1982,1,151,False
40270-1,Valentine's Bee,Brickheadz,2018,1,140,False
40271-1,Bunny,Brickheadz,2018,1,126,False
40272-1,Witch,Brickheadz,2018,1,151,False
40273-1,Turkey,Brickheadz,2018,1,114,False
40274-1,Mr & Mrs Claus,Brickheadz,2018,1,341,False
40290-1,60 Years of the LEGO Brick,Promotional,2018,5,421,False
40335-1,Space Rocket Ride,LEGO Ideas and CUUSOO,2019,1,154,True
40348-1,Birthday Clown,Brickheadz,2019,1,150,False
40349-1,Puppy,Brickheadz,2019,1,147,False
40350-1,Chick,Brickheadz,2019,1,120,False
40351-1,Ghost,Brickheadz,2019,1,136,False
40352-1,Scarecrow,Brickheadz,2019,1,177,False
40353-1,"Reindeer, Elf & Elfie",Brickheadz,2019,1,281,False
40354-1,Dragon Dance Guy,Brickheadz,2019,1,170,False
40367-1,Lady Liberty,Brickheadz,2019,1,153,False
4037-1,Helicopter,Creator > Early Creator,2004,1,9,False
40377-1,Donald Duck,Brickheadz,2020,1,90,False
40378-1,Goofy and Pluto,Brickheadz,2020,1,214,False
40379-1,Bear,Brickheadz,2020,1,150,False
40380-1,Sheep,Brickheadz,2020,1,192,False
40386-1,Batman,Brick Sketches,2020,1,115,False
40391-1,First Order Stormtrooper,Brick Sketches,2020,1,151,False
40396-1,Valentine Panda,LEGO Brand Store > Monthly Mini Model Build,2020,1,53,False
40412-1,Hagrid & Buckbeak,Brickheadz,2020,1,270,False
40413-1,Mini Robots,Mindstorms,2020,1,366,False
40425-1,Nutcracker,Brickheadz,2020,1,180,False
40428-1,The Joker,Brick Sketches,2020,1,170,False
40431-1,BB-8,Brick Sketches,2020,1,171,False
40433-1,1989 Batmobile - Limited Edition,Super Heroes DC > Batman,2019,1,366,True
40436-1,Lucky Cat,Brickheadz,2020,1,134,False
40440-1,German Shepherd and Puppy,Brickheadz,2021,1,247,False
40441-1,Shorthair Cat and Kitten,Brickheadz,2021,1,250,False
40448-1,Vintage Car,LEGO Ideas and CUUSOO,2021,1,189,True
40456-1,Mickey Mouse,Brick Sketches,2021,1,118,False
40457-1,Minnie Mouse,Brick Sketches,2021,1,140,False
40466-1,Chinese New Year Pandas,Brickheadz,2021,1,249,False
40782-1,Tropical Rainforest Diorama,Other,2025,1,299,False
40783-1,Coral Reef Diorama,Other,2025,1,260,False
4096-1,Micro Wheels,Creator > Designer Sets,2003,13,216,False
410-1,Payloader,Legoland > Construction,1973,1,28,False
41015-1,Dolphin Cruiser,Friends,2013,1,631,True
41040-1,Advent Calendar 2014 Friends,Seasonal > Advent > Friends,2014,1,244,True
41071-1,Aira's Creative Workshop,Elves,2015,1,98,False
41072-1,Naida's Spa Secret,Elves,2015,1,249,False
41073-1,Naida's Epic Adventure Ship,Elves,2015,1,312,False
41075-1,The Elves' Treetop Hideaway,Elves,2015,1,517,False
41092-1,Stephanie's Pizzeria,Friends,2015,1,87,True
41181-1,Naida's Gondola & the Goblin Thief,Elves,2017,1,67,False
41485-1,Finn,Brickheadz,2017,1,91,False
41486-1,Captain Phasma,Brickheadz,2017,1,127,False
41487-1,Lloyd,Brickheadz,2017,1,102,False
41488-1,Master Wu,Brickheadz,2017,1,89,False
41490-1,Superman & Wonder Woman,Brickheadz,2016,1,210,False
41491-1,Batman & The Joker,Brickheadz,2016,1,206,False
41492-1,Iron Man & Captain America,Brickheadz,2016,1,174,False
41493-1,Black Panther & Dr. Strange,Brickheadz,2016,1,167,False
41496-1,Supergirl & Martian Manhunter,Brickheadz,2017,1,231,False
41497-1,Spider-Man & Venom,Brickheadz,2017,1,144,False
41498-1,Boba Fett & Han Solo in Carbonite,Brickheadz,2017,1,329,False
41500-1,Flain,Mixels,2014,1,58,False
41501-1,Vulk,Mixels,2014,1,69,False
41502-1,Zorch,Mixels,2014,1,45,False
41503-1,Krader,Mixels,2014,1,66,False
41504-1,Siesmo,Mixels,2014,1,50,False
41505-1,Shuff,Mixels,2014,1,51,False
41512-1,Chomly,Mixels,2014,1,68,False
41585-1,Batman,Brickheadz,2017,1,91,False
41586-1,Batgirl,Brickheadz,2017,1,99,False
41587-1,Robin,Brickheadz,2017,1,101,False
41588-1,The Joker,Brickheadz,2017,1,151,False
41589-1,Captain America,Brickheadz,2017,1,79,False
41590-1,Iron Man,Brickheadz,2017,1,96,False
41591-1,Black Widow,Brickheadz,2017,1,143,False
41592-1,The Hulk,Brickheadz,2017,1,93,False
41593-1,Captain Jack Sparrow,Brickheadz,2017,1,109,False
41594-1,Captain Armando Salazar,Brickheadz,2017,1,118,False
41595-1,Belle,Brickheadz,2017,1,139,False
41596-1,Beast,Brickheadz,2017,1,116,False
41598-1,The Flash,Brickheadz,2018,1,122,False
41599-1,Wonder Woman,Brickheadz,2018,1,143,False
41600-1,Aquaman,Brickheadz,2018,1,135,False
41601-1,Cyborg,Brickheadz,2018,1,108,False
41602-1,Rey,Brickheadz,2018,1,119,False
41603-1,Kylo Ren,Brickheadz,2018,1,130,False
41604-1,Iron Man MK50,Brickheadz,2018,1,101,False
41605-1,Thanos,Brickheadz,2018,1,105,False
41606-1,Star-Lord,Brickheadz,2018,1,113,False
41607-1,Gamora,Brickheadz,2018,1,136,False
41608-1,Han Solo,Brickheadz,2018,1,141,False
41609-1,Chewbacca,Brickheadz,2018,1,149,False
41611-1,Marty McFly & Doc Brown,Brickheadz,2018,1,240,False
41612-1,Steve & Creeper,Brickheadz,2018,1,160,False
41613-1,Mr. Incredible & Frozone,Brickheadz,2018,1,160,False
41614-1,Owen & Blue,Brickheadz,2018,1,234,False
41615-1,Harry Potter & Hedwig,Brickheadz,2018,1,180,False
41616-1,Hermione Granger,Brickheadz,2018,1,127,False
41617-1,Elsa,Brickheadz,2018,1,130,False
41618-1,Anna & Olaf,Brickheadz,2018,1,201,False
41620-1,Stormtrooper,Brickheadz,2018,1,124,False
41621-1,Ron Weasley & Albus Dumbledore,Brickheadz,2018,1,245,False
41624-1,Mickey Mouse,Brickheadz,2018,1,109,False
41625-1,Minnie Mouse,Brickheadz,2018,1,129,False
41627-1,Luke Skywalker & Yoda,Brickheadz,2018,1,215,False
41630-1,Jack Skellington & Sally,Brickheadz,2018,1,193,False
41632-1,Homer Simpson & Krusty the Clown,Brickheadz,2018,1,215,False
41634-1,Emmet,Brickheadz,2019,1,113,False
41637-1,Sweet Mayhem,Brickheadz,2019,1,137,False
41903-1,Cosmic Wonder,DOTS,2020,1,33,False
41999-1,4 x 4 Crawler Exclusive Edition,Technic,2013,1,1584,False
4200-1,Mining 4 x 4,City > Construction,2012,1,102,False
42000-1,Grand Prix Racer,Technic,2013,1,1141,False
42004-1,Mini Backhoe Loader,Technic,2013,2,246,False
42006-1,Excavator,Technic,2013,1,720,False
42020-1,Twin-rotor Helicopter,Technic,2014,2,145,False
42021-1,Snowmobile,Technic,2014,2,186,False
42022-1,Hot Rod,Technic,2014,2,414,False
42023-1,Construction Crew,Technic,2014,3,836,False
42024-1,Container Truck,Technic,2014,1,948,False
42026-1,Black Champion Racer,Technic,2014,1,138,False
42029-1,Customized Pick up Truck,Technic,2014,1,1063,False
42031-1,Cherry Picker,Technic,2015,2,155,False
42032-1,Compact Tracked Loader,Technic,2015,2,252,False
42033-1,Record Breaker,Technic,2015,1,125,False
42034-1,Quad Bike,Technic,2015,1,148,False
42035-1,Mining Truck,Technic,2015,1,362,False
42036-1,Street Motorcycle,Technic,2015,1,375,False
42037-1,Formula Off-Roader,Technic,2015,1,494,False
42038-1,Arctic Truck,Technic,2015,1,913,False
42039-1,24 Hours Race Car,Technic,2015,1,1219,False
42040-1,Fire Plane,Technic,2015,1,578,False
42041-1,Race Truck,Technic,2015,1,608,False
42042-1,Crawler Crane,Technic,2015,2,1400,False
42043-1,Mercedes-Benz Arocs 3245,Technic,2015,2,2793,False
42044-1,Display Team Jet,Technic,2016,1,113,False
42045-1,Hydroplane Racer,Technic,2016,1,180,False
42046-1,Getaway Racer,Technic,2016,1,170,False
42047-1,Police Interceptor,Technic,2016,1,185,False
42048-1,Race Kart,Technic,2016,1,345,False
42049-1,Mine Loader,Technic,2016,1,476,False
4205-1,Off Road Command Center,City > Police,2012,1,403,False
42050-1,Drag Racer,Technic,2016,1,647,False
42052-1,Heavy Lift Helicopter,Technic,2016,1,1042,False
42053-1,Volvo EW160E,Technic,2016,1,1166,False
42054-1,CLAAS XERION 5000 TRAC VC,Technic,2016,1,1976,False
42055-1,Bucket Wheel Excavator,Technic,2016,1,3929,False
42056-1,Porsche 911 GT3 RS,Technic,2016,1,2704,False
42057-1,Ultralight Helicopter,Technic,2017,1,199,False
42058-1,Stunt Bike,Technic,2017,1,140,False
42059-1,Stunt Truck,Technic,2017,1,142,False
4206-2,Recycling Truck,City > Traffic,2012,1,297,False
42060-1,Roadwork Crew,Technic,2017,1,365,False
42061-1,Telehandler,Technic,2017,1,260,False
42062-1,Container Yard,Technic,2017,1,631,False
42063-1,BMW R 1200 GS Adventure,Technic,2017,1,603,False
42064-1,Ocean Explorer,Technic,2017,1,1327,False
42065-1,RC Tracked Racer,Technic,2017,1,370,False
42066-1,Air Race Jet,Technic,2017,1,1151,False
42068-1,Airport Rescue Vehicle,Technic,2017,1,1106,False
42069-1,Extreme Adventure,Technic,2017,1,2382,False
42070-1,6x6 All Terrain Tow Truck,Technic,2017,1,1862,False
42071-1,Dozer Compactor,Technic,2018,2,171,False
42072-1,WHACK!,Technic,2018,1,135,False
42073-1,BASH!,Technic,2018,1,139,False
42074-1,Racing Yacht,Technic,2018,1,331,False
42075-1,First Responder,Technic,2018,1,513,False
42076-1,Hovercraft,Technic,2018,1,1020,False
42077-1,Rally Car,Technic,2018,1,1005,False
42078-1,Mack Anthem,Technic,2018,2,2595,False
42079-1,Heavy Duty Forklift,Technic,2018,1,592,False
4208-1,4 x 4 Fire Truck,City > Fire,2012,1,243,False
42080-1,Forest Machine,Technic,2018,1,1003,False
42081-1,Volvo Concept Wheel Loader ZEUX,Technic,2018,1,1167,False
42082-1,Rough Terrain Crane,Technic,2018,1,4056,False
42083-1,Bugatti Chiron,Technic,2018,1,3599,False
42084-1,Hook Loader,Technic,2018,1,176,False
42088-1,Cherry Picker,Technic,2019,2,155,False
42092-1,Rescue Helicopter,Technic,2019,1,325,False
42093-1,Chevrolet Corvette ZR1,Technic,2019,1,579,False
42094-1,Tracked Loader,Technic,2019,1,827,False
42095-1,Remote-Controlled Stunt Racer,Technic,2019,1,324,False
42096-1,Porsche 911 RSR,Technic,2019,1,1580,False
42099-1,4x4 X-treme Off-Roader,Technic,2019,1,958,False
42100-1,Liebherr R9800 Excavator,Technic,2019,1,4108,False
42101-1,Buggy,Technic,2020,2,117,False
42102-1,Mini CLAAS XERION,Technic,2020,2,130,False
42105-1,Catamaran,Technic,2020,2,405,False
42106-1,Stunt Show Truck & Bike,Technic,2020,1,610,False
42107-1,Ducati Panigale V4 R,Technic,2020,1,646,False
42108-1,Mobile Crane,Technic,2020,1,1292,False
42109-1,App-Controlled Top Gear Rally Car,Technic,2020,1,463,False
42110-1,Land Rover Defender,Technic,2019,1,2573,False
42111-1,Dom’s Dodge Charger,Technic,2020,1,1077,False
42112-1,Cement Mixer,Technic,2020,1,1161,False
42113-1,Bell Boeing V-22 Osprey,Technic,2020,1,1636,False
42114-1,6x6 Volvo Articulated Hauler,Technic,2020,1,2193,False
42115-1,Lamborghini Sián FKP 37,Technic,2020,1,3696,False
42116-1,Skid Steer Loader,Technic,2021,2,139,False
42120-1,Rescue Hovercraft,Technic,2021,1,457,False
42121-1,Heavy-Duty Excavator,Technic,2021,2,569,False
42122-1,Jeep Wrangler,Technic,2021,1,665,False
42123-1,McLaren Senna GTR,Technic,2021,1,830,False
42124-1,Off-Road Buggy,Technic,2021,1,374,False
42125-1,"Ferrari 488 GTE ""AF Corse #51""",Technic,2021,1,1684,False
42129-1,4x4 Mercedes-Benz Zetros Trial Truck,Technic,2021,1,2131,False
42131-1,Cat D11 Bulldozer,Technic,2021,1,3854,False
430-1,Biplane,Legoland > Airport,1975,1,18,False
4308-1,Racing Car,Racers,2004,1,28,False
4309-1,Blue Racer,Racers,2004,1,31,False
4310-1,Orange Racer,Racers,2004,1,25,False
4347-1,Auto Pod,Creator > X-Pod,2004,3,39,False
4348-1,Aero Pod,Creator > X-Pod,2004,2,36,False
4349-1,Wild Pod,Creator > X-Pod,2004,2,44,False
435-1,Tipper Truck,Legoland > Construction,1976,1,23,False
4404-1,Land Busters,Creator > Designer Sets,2003,3,769,False
4431-1,Ambulance,City > Hospital,2012,1,199,False
4432-1,Garbage Truck,City > Traffic,2012,1,212,False
4433-1,Dirt Bike Transporter,City > Off-Road,2012,1,206,False
4434-1,Tipper Truck,City > Construction,2012,1,222,False
4436-1,Patrol Car,City > Police,2012,1,97,False
4439-1,Heavy-Duty Helicopter,City > Police,2012,1,393,False
4484-1,X-wing Fighter & TIE Advanced - Mini,Star Wars,2003,1,76,True
4485-1,Sebulba's Podracer & Anakin's Podracer - Mini,Star Wars,2003,1,72,True
4486-1,AT-ST & Snowspeeder - Mini,Star Wars,2003,1,76,True
4487-1,Jedi Starfighter & Slave I - Mini,Star Wars,2003,1,53,True
4488-1,Millennium Falcon - Mini,Star Wars,2003,1,87,True
4489-1,AT-AT - Mini,Star Wars,2003,1,98,True
4490-1,Republic Gunship - Mini,Star Wars,2003,1,102,True
4491-1,Trade Federation MTT - Mini,Star Wars,2003,1,99,True
4492-1,Imperial Star Destroyer - Mini,Star Wars,2004,1,87,True
4493-1,Sith Infiltrator - Mini,Star Wars,2004,1,55,True
4494-1,Imperial Shuttle - Mini,Star Wars,2004,1,82,True
4495-1,AT-TE - Mini,Star Wars,2004,1,63,True
4525-1,Road and Rail Repair,Train > 9V,1994,1,85,False
45300-1,WeDo 2.0 Core Set,Educational and Dacta > Mindstorms > WeDo,2016,1,284,False
4532-1,Manual Level Crossing,Train > 9V,1996,1,136,False
4533-1,Train Track Snow Remover,Train > 9V,1999,1,58,False
4536-1,Blue Hopper Car,Train > 9V,1991,1,166,False
4537-1,Octan Twin Tank Rail Tanker,Train > 9V,1993,1,174,False
4539-1,Manual Level Crossing,Train > 9V,1991,1,115,False
4541-1,Rail and Road Service Truck,Train > 9V,1999,1,126,False
4543-1,Railroad Tractor Flatbed,Train > 9V,1991,1,180,False
4544-1,Car Transport Wagon with Car,Train > 9V,1994,1,143,False
4546-1,Road and Rail Maintenance,Train > 9V,1991,1,77,False
4547-1,Club Car,Train > 9V,1993,1,293,False
4549-1,Container Double Stack,Train > 9V,1993,1,451,False
4551-1,Crocodile Locomotive,Train > 9V,1991,1,314,False
4554-1,Metro Station,Train > 9V,1991,1,612,False
4555-1,Cargo Station,Train > 9V,1995,1,394,False
4557-1,Freight Loading Station,Train > 9V,1999,1,216,False
4558-1,Metroliner,Train > 9V,1991,2,789,False
4563-1,Load and Haul Railroad,Train > 9V,1991,1,475,False
4565-1,Freight and Crane Railway,Train > 9V,1996,1,918,False
4641-1,Speed Boat,City > Harbor,2011,1,34,False
4643-1,Power Boat Transporter,City > Harbor,2011,1,255,False
4778-1,Desert Biplane,Town,2005,1,109,False
4837-1,Mini Trains,Creator > Creator 3-in-1,2008,3,73,False
4838-1,Mini Vehicles,Creator > Creator 3-in-1,2008,3,79,False
4883-1,Gear Grinders,Creator > Designer Sets,2005,17,273,False
4886-1,Building Bonanza,Creator > Designer Sets,2004,3,667,False
4888-1,Ocean Odyssey,Creator > Designer Sets,2005,3,623,False
4896-1,Roaring Roadsters,Creator > Creator 3-in-1,2006,3,931,False
4903-1,Lion,Creator > Designer Sets,2005,1,42,False
4904-1,Elephant (Life cereal promotion),Creator > Designer Sets,2005,1,34,False
4905-1,Giraffe,Creator > Designer Sets,2005,1,39,False
4906-1,Helicopter,Creator > Designer Sets,2005,1,16,False
4911-1,Designer Set,Creator > Designer Sets,2005,1,37,False
4912-1,Police Jet Ski,City > Police,2005,1,22,False
4914-1,Fire Chief's Car,City > Fire,2005,1,31,False
4915-1,Mini Construction,Creator > Creator 3-in-1,2007,3,68,False
4917-1,Mini Robots,Creator > Creator 3-in-1,2007,3,77,False
4918-1,Mini Flyers,Creator > Creator 3-in-1,2007,3,76,False
4937-1,Life Guard - Quick Magic Box Promotional,City > Coast Guard,2007,1,38,False
4939-1,Cool Cars,Creator > Creator 3-in-1,2007,3,206,False
4947-1,Yellow and Black Racer,Racers,2006,1,28,False
4948-1,Black and Red Racer,Racers,2006,1,22,False
4949-1,Blue and Yellow Racer,Racers,2006,1,24,False
4953-1,Fast Flyers,Creator > Creator 3-in-1,2007,3,305,False
4954-1,Model Town House,Creator > Creator 3-in-1,2007,3,1174,False
4955-1,Big Rig,Creator > Creator 3-in-1,2007,3,550,False
4956-1,House,Creator > Creator 3-in-1,2007,3,731,False
4991-1,Police Helicopter,City > Police,2007,1,31,False
4993-1,Cool Convertible,Creator > Creator 3-in-1,2008,3,648,False
4996-1,Beach House,Creator > Creator 3-in-1,2008,2,522,False
51515-1,Robot Inventor,Mindstorms,2020,1,949,False
544-1,Basic Set,Universal Building Set,1981,6,147,False
5510-1,Off-Road 4x4,Model Team,1986,2,285,False
5521-1,Sea Jet,Model Team,1993,1,401,False
5533-1,Red Fury,Model Team,1999,2,390,False
5540-1,Formula 1 Racer,Model Team,1986,2,447,False
5542-1,Black Thunder,Model Team,1998,1,483,False
555-2,Basic Set,Universal Building Set,1981,5,206,False
5571-1,Giant Truck,Model Team,1996,1,1746,False
560-1,Town House with Garden,Town > Classic Town,1979,1,248,False
5610-1,Builder,City > Construction,2008,1,23,False
561412-1,Christmas Tree,Friends,2014,1,35,True
566-1,Basic Set,Universal Building Set,1981,2,310,False
5761-1,Mini Digger,Creator > Creator 3-in-1,2011,1,57,False
5762-1,Mini Plane,Creator > Creator 3-in-1,2011,3,52,False
5763-1,Dune Hopper,Creator > Creator 3-in-1,2011,1,137,False
5764-1,Rescue Robot,Creator > Creator 3-in-1,2011,1,150,False
5765-1,Transport Truck,Creator > Creator 3-in-1,2011,1,276,False
5766-1,Log Cabin,Creator > Creator 3-in-1,2011,3,355,False
5767-1,Cool Cruiser,Creator > Creator 3-in-1,2011,1,621,False
5770-1,Lighthouse Island,Creator > Creator 3-in-1,2011,1,518,False
5771-1,Hillside House,Creator > Creator 3-in-1,2011,1,714,False
5864-1,Mini Helicopter,Creator > Creator 3-in-1,2010,3,52,False
5865-1,Mini Dumper,Creator > Creator 3-in-1,2010,3,60,False
5866-1,Rotor Rescue,Creator > Creator 3-in-1,2010,3,149,False
5867-1,Super Speedster,Creator > Creator 3-in-1,2010,1,278,False
5891-1,Apple Tree House,Creator > Creator 3-in-1,2010,3,539,False
5892-1,Sonic Boom,Creator > Creator 3-in-1,2010,1,539,False
5893-1,Offroad Power,Creator > Creator 3-in-1,2010,3,1061,False
5920-1,Island Racer,Adventurers > Dino Island,2000,1,50,False
5934-1,Dino Explorer,Adventurers > Dino Island,2000,1,90,False
5935-1,Island Hopper,Adventurers > Dino Island,2000,1,203,False
5969-1,Squidman Escape,Space > Space Police III,2009,1,42,False
5970-1,Freeze Ray Frenzy,Space > Space Police III,2009,1,80,False
5971-1,Gold Heist,Space > Space Police III,2009,1,205,False
5972-1,Space Truck Getaway [Container Heist],Space > Space Police III,2009,1,282,False
5973-1,Hyperspeed Pursuit,Space > Space Police III,2009,1,456,False
5974-1,Galactic Enforcer,Space > Space Police III,2009,1,825,False
5979-1,Max Security Transport,Space > Space Police III,2009,1,330,False
5980-1,Squidman's Pitstop,Space > Space Police III,2009,1,394,False
5981-1,Raid VPR,Space > Space Police III,2010,1,69,False
5982-1,Smash 'n' Grab,Space > Space Police III,2010,1,188,False
5983-1,SP Undercover Cruiser,Space > Space Police III,2010,1,317,False
5984-1,Lunar Limo,Space > Space Police III,2010,1,391,False
5985-1,Space Police Central,Space > Space Police III,2010,1,631,False
600-1,Ambulance,Legoland > Hospital,1970,1,21,False
60001-1,Fire Rescue,City > Fire,2013,1,80,False
60017-1,Flatbed Truck,City > Traffic,2013,1,212,False
60018-1,Cement Mixer,City > Construction,2013,1,221,False
60054-1,Light Repair Truck,City,2014,1,95,False
60059-1,Logging Truck,City,2014,1,228,False
60065-1,ATV Patrol,City > Police,2015,1,59,False
60066-1,Swamp Police Starter Set,City > Police,2015,1,78,False
60067-1,Helicopter Pursuit,City > Police,2015,1,253,False
60083-1,Snowplow Truck,City > Traffic,2015,1,196,False
601-1,Petrol Pump,Town > Classic Town,1978,1,13,False
601-2,Tow Truck,Legoland > Vehicle,1970,1,22,False
6010-1,Supply Wagon,Castle > Lion Knights,1984,1,36,False
60101-1,Airport Cargo Plane,City > Airport,2016,1,157,False
6011-1,Black Knight's Treasure,Castle > Black Falcons,1985,1,27,False
6021-1,Jousting Knights,Castle > Lion Knights,1984,1,37,False
60216-1,Downtown Fire Brigade,City > Fire,2019,1,943,False
6022-1,Horse Cart,Castle > Lion Knights,1984,1,43,False
603-1,Sidecar,Town > Classic Town,1978,1,26,False
6030-1,Catapult,Castle > Black Falcons,1984,1,83,False
6034-1,Black Monarch's Ghost,Castle > Black Knights,1990,1,48,False
6035-1,Castle Guard,Castle > Black Falcons,1987,1,52,False
604-1,Shell Service Car,Town > Classic Town,1978,1,22,False
604-2,Excavator,Legoland > Construction,1971,1,28,False
6040-1,Blacksmith Shop,Castle > Lion Knights,1984,1,93,False
6041-1,Armor Shop,Castle > Lion Knights,1986,1,114,False
6043-1,Dragon Defender,Castle > Dragon Knights,1993,1,156,False
6049-1,Viking Voyager,Castle > Lion Knights,1987,1,101,False
605-1,Street Sweeper,Town > Classic Town,1978,1,19,False
6054-1,Forestmen's Hideout,Castle > Forestmen,1988,1,202,False
6056-1,Dragon Wagon,Castle > Dragon Knights,1993,1,109,False
6059-1,Knight's Stronghold,Castle > Black Knights,1990,1,228,False
606-1,Ambulance,Town > Classic Town,1978,1,26,False
6061-1,Siege Tower,Castle > Lion Knights,1984,1,216,False
6062-1,Battering Ram,Castle > Black Falcons,1987,1,240,False
6066-1,Camouflaged Outpost,Castle > Forestmen,1987,1,228,False
6067-1,Guarded Inn,Castle > Lion Knights,1986,1,256,False
6071-1,Forestmen's Crossing,Castle > Forestmen,1990,1,212,False
6073-1,Knight's Castle,Castle > Black Falcons,1984,1,416,False
6074-1,Black Falcon's Fortress,Castle > Black Falcons,1986,1,430,False
6080-1,King's Castle,Castle > Lion Knights,1984,1,679,False
6085-1,Black Monarch's Castle,Castle > Black Knights,1988,1,688,False
610-1,Vintage Car,Legoland > Vehicle,1973,1,39,False
6102-1,Castle Mini Figures,Castle,1985,1,36,False
612-1,Tipper Truck,Legoland > Construction,1974,1,23,False
613-1,Biplane,Legoland > Airport,1974,1,18,False
620-1,Fireman's Car,Town > Classic Town,1978,1,33,False
6208-1,B-wing Fighter,Star Wars,2006,1,440,True
621-1,Police Car,Town > Classic Town,1978,1,35,False
622-1,Tipper Truck,Town > Classic Town,1978,1,33,False
623-1,Medic's Car,Town > Classic Town,1978,1,34,False
6232-1,Skeleton Crew,Pirates > Pirates I,1996,1,31,False
6235-1,Buried Treasure,Pirates > Pirates I,1989,1,27,False
6245-1,Harbor Sentry,Pirates > Pirates I,1989,1,25,False
625-1,Tractor,Town > Classic Town,1978,1,31,False
6279-1,Skull Island,Pirates > Pirates I,1995,1,386,False
6285-1,Black Seas Barracuda,Pirates > Pirates I,1989,1,915,False
6286-1,Skull's Eye Schooner,Pirates > Pirates I,1993,1,925,False
6325-1,Package Pick-Up,Town > Town Jr.,1998,1,29,False
6331-1,Patriot Jet,Town > Classic Town,1996,1,167,False
6334-1,Wave Jump Racers,Town > Classic Town,1996,1,181,False
6339-1,Shuttle Launch Pad,Town > Launch Command,1995,1,565,False
6344-1,Jet Speed Justice,Town > Classic Town,1993,1,159,False
6346-1,Shuttle Launching Crew,Town > Classic Town,1992,1,414,False
6348-1,Surveillance Squad,Town > Classic Town,1994,1,319,False
6349-1,Vacation House,Town > Classic Town,1988,1,216,False
6350-1,Pizza To Go,Town > Classic Town,1994,1,151,False
6351-1,Surf N' Sail Camper,Town > Classic Town,1992,1,189,False
6352-1,Cargomaster Crane,Town > Classic Town,1991,1,141,False
6353-1,Coastal Cutter,Town > Classic Town,1991,1,185,False
6354-1,Pursuit Squad,Town > Classic Town,1990,1,175,False
6355-1,Derby Trotter,Town > Classic Town,1989,1,142,False
6356-1,Med-Star Rescue Plane,Town > Classic Town,1988,1,160,False
6357-1,Stunt 'Copter N' Truck,Town > Classic Town,1988,1,177,False
6360-1,Weekend Cottage,Town > Classic Town,1986,1,117,False
6361-1,Mobile Crane,Town > Classic Town,1986,1,164,False
6362-1,Post Office,Town > Classic Town,1982,1,136,False
6363-1,Auto Service Station,Town > Classic Town,1980,1,142,False
6364-1,Paramedic Unit,Town > Classic Town,1980,1,141,False
6365-1,Summer Cottage,Town > Classic Town,1981,1,153,False
6368-1,Jet Airliner,Town > Classic Town,1985,1,137,False
6369-1,Garage,Town > Classic Town,1985,1,135,False
6370-1,Weekend Home,Town > Classic Town,1985,1,187,False
6372-1,Town House,Town > Classic Town,1982,1,235,False
6373-1,Motorcycle Shop,Town > Classic Town,1984,1,188,False
6374-1,Holiday Home,Town > Classic Town,1983,1,266,False
6375-1,Trans Air Carrier,Town > Classic Town,1990,1,205,False
6376-1,Breezeway Cafe,Town > Classic Town,1990,1,195,False
6378-1,Shell Service Station,Town > Classic Town,1986,1,292,False
6379-1,Riding Stable,Town > Classic Town,1986,1,282,False
6380-1,Emergency Treatment Center,Town > Classic Town,1987,1,293,False
6381-1,Motor Speedway,Town > Classic Town,1987,1,206,False
6382-1,Fire Station,Town > Classic Town,1981,1,396,False
6384-1,Police Station,Town > Classic Town,1983,1,399,False
6386-1,Police Command Base,Town > Classic Town,1986,1,397,False
6388-1,Holiday Home with Caravan,Town > Classic Town,1989,1,363,False
6389-1,Fire Control Center,Town > Classic Town,1990,1,540,False
6392-1,Airport,Town > Classic Town,1985,1,538,False
6396-1,International Jetport,Town > Classic Town,1990,1,554,False
6397-1,Gas N' Wash Express,Town > Classic Town,1992,1,474,False
6398-1,Central Precinct HQ,Town > Classic Town,1993,1,635,False
6399-1,Airport Shuttle,Town > Classic Town,1990,1,786,False
6400-1,Go-Kart,Town > Classic Town,1997,1,23,False
6402-1,Sidewalk Cafe,Town > Paradisa,1994,1,49,False
6406-1,Go-Kart,Town > Classic Town,1997,1,23,False
6414-1,Dolphin Point,Town > Paradisa,1995,1,210,False
6415-1,Res-Q Jet-Ski,Town > Res-Q,1998,1,18,False
6416-1,Poolside Paradise,Town > Paradisa,1992,1,239,False
6428-1,Wave Saver,Town > Res-Q,1998,1,18,False
6430-1,Night Patroller,Town > Classic Town,1991,1,140,False
6431-1,Road Rescue,Town > Res-Q,1998,1,48,False
6440-1,Jetport Fire Squad,Town > Classic Town,1991,1,160,False
6442-1,Sting Ray Explorer,Town > Divers,1997,1,152,False
6445-1,Emergency Evac,Town > Res-Q,1998,1,100,False
6450-1,Mobile Police Truck,Town > Classic Town,1986,1,84,False
6451-1,River Response,Town > Res-Q,1998,1,153,False
6462-1,Aerial Recovery,Town > Res-Q,1998,1,205,False
6470-1,Mini Dump Truck,Town > City Center,2000,1,25,False
6472-1,Gas N' Wash Express,Town > City Center,2001,1,474,False
6473-1,Res-Q Cruiser,Town > Res-Q,1998,1,306,False
6479-1,Emergency Response Center,Town > Res-Q,1998,1,438,False
6480-1,Hook and Ladder Truck,Town > Classic Town,1986,1,119,False
6481-1,Construction Crew,Town > Classic Town,1989,1,170,False
6482-1,Rescue Helicopter,Town > Classic Town,1989,1,199,False
6484-1,F1 Hauler,Town > Classic Town,1995,1,278,False
6490-1,Amazon Crossing,Town > Outback,1997,1,119,False
6501-1,Sport Convertible,Town > Classic Town,1987,1,30,False
6503-1,Sprint Racer,Town > Classic Town,1988,1,32,False
6504-1,Tractor,Town > Classic Town,1988,1,25,False
6505-1,Fire Chief's Car,Town > Classic Town,1988,1,29,False
6506-1,Precinct Cruiser,Town > Classic Town,1989,1,32,False
6507-1,Mini Dumper,Town > Classic Town,1989,1,30,False
6508-1,Wave Racer,Town > Classic Town,1990,1,37,False
6509-1,Red Devil Racer,Town > Classic Town,1991,1,39,False
6511-1,Rescue Runabout,Town > Classic Town,1992,1,38,False
6512-1,Landscape Loader,Town > Classic Town,1992,1,37,False
6514-1,Trail Ranger,Town > Classic Town,1994,1,36,False
6515-1,Stunt Copter,Town > Classic Town,1994,1,35,False
6516-1,Moon Walker,Town > Launch Command,1995,1,34,False
6517-1,Water Jet,Town > Classic Town,1996,1,29,False
6521-1,Emergency Repair Truck,Town > Classic Town,1987,1,58,False
6522-1,Highway Patrol,Town > Classic Town,1987,1,38,False
6523-1,Red Cross,Town > Classic Town,1987,1,51,False
6524-1,Blizzard Blazer,Town > Classic Town,1988,1,50,False
6525-1,Blaze Commander,Town > Classic Town,1995,1,50,False
6526-1,Red Line Racer,Town > Classic Town,1989,1,49,False
6527-1,Tipper Truck,Town > Classic Town,1989,1,43,False
6529-1,Ultra Light I,Town > Classic Town,1990,1,35,False
6530-1,Sport Coupe,Town > Classic Town,1990,1,43,False
6531-1,Flame Chaser,Town > Classic Town,1991,1,56,False
6532-1,Diesel Dumper,Town > Classic Town,1991,1,47,False
6533-1,Police 4x4,Town > Classic Town,1992,1,62,False
6534-1,Beach Bandit,Town > Classic Town,1992,2,44,False
6535-1,Dumper,Town > Classic Town,1995,1,42,False
6536-1,Aero Hawk,Town > Classic Town,1993,1,48,False
6537-1,Hydro Racer,Town > Classic Town,1994,1,50,False
6540-1,Pier Police,Town > Classic Town,1991,1,357,False
6541-1,Intercoastal Seaport,Town > Classic Town,1991,1,551,False
6542-1,Launch & Load Seaport,Town > Classic Town,1991,1,1078,False
6544-1,Shuttle Transcon 2,Town > Launch Command,1995,1,348,False
6545-1,Search N' Rescue,Town > Classic Town,1996,1,291,False
6550-1,Outback Racer,Town > Outback,1997,1,49,False
6552-1,Rocky River Retreat,Town > Classic Town,1993,1,241,False
6553-1,Crisis News Crew,Town > Outback,1997,1,136,False
6556-1,Scuba Squad,Town > Divers,1997,1,77,False
6562-1,Gas Stop Shop,Town > Classic Town,1995,1,227,False
6571-1,Flame Fighters,Town > Classic Town,1994,1,433,False
6581-1,Dig 'N' Dump,Town > Classic Town,1996,1,128,False
6592-1,Vacation Hideaway,Town > Classic Town,1990,1,117,False
6594-1,Gas Transit,Town > Classic Town,1992,1,124,False
6596-1,Wave Master,Town > Classic Town,1995,1,134,False
6597-1,Century Skyway,Town > Classic Town,1994,1,905,False
6598-1,Metro PD Station,Town > Classic Town,1996,1,568,False
6599-1,Shark Attack,Town > Divers,1997,1,59,False
6600-1,Police Patrol,Town > Classic Town,1981,2,24,False
6601-1,Ice Cream Cart,Town > Classic Town,1985,1,30,False
6602-1,Fire Chief's Car,Town > Classic Town,1981,2,25,False
6603-1,Shovel Truck,Town > Classic Town,1985,1,27,False
6604-1,Formula-I Racer,Town > Classic Town,1985,1,31,False
6605-1,Road Racer,Town > Classic Town,1984,1,20,False
6606-1,Road Repair Set,Town > Classic Town,1983,1,26,False
6607-1,Service Truck,Town > Classic Town,1982,1,25,False
6608-1,Tractor,Town > Classic Town,1982,2,21,False
6609-1,Race Car,Town > Classic Town,1980,1,17,False
6611-1,Fire Chief's Car,Town > Classic Town,1981,1,20,False
6612-1,Fire Chief's Car,Town > Classic Town,1986,1,29,False
6613-1,Telephone Booth,Town > Classic Town,1986,1,26,False
6614-1,Launch Evac 1,Town > Launch Command,1995,1,123,False
6615-1,Eagle Stunt Flyer,Town > Classic Town,1996,1,76,False
6622-1,Mailman on Motorcycle,Town > Classic Town,1984,1,30,False
6623-1,Police Car,Town > Classic Town,1983,1,40,False
6624-1,Delivery Van,Town > Classic Town,1983,1,41,False
6625-1,Speed Trackers,Town > Classic Town,1996,1,66,False
6626-1,Rescue Helicopter,Town > Classic Town,1981,1,37,False
6627-1,Convertible,Town > Classic Town,1980,1,37,False
6628-1,Shell Tow Truck,Town > Classic Town,1981,1,39,False
6629-1,Ambulance,Town > Classic Town,1981,1,39,False
6630-1,Bucket Loader,Town > Classic Town,1981,1,34,False
6631-1,Steam Shovel,Town > Classic Town,1985,1,48,False
6632-1,Tactical Patrol Truck,Town > Classic Town,1985,1,44,False
6633-1,Family Car,Town > Classic Town,1985,1,46,False
6634-1,Stock Car,Town > Classic Town,1986,1,47,False
6641-1,4-Wheelin' Truck,Town > Classic Town,1987,1,81,False
6642-1,Police Helicopter,Town > Classic Town,1988,1,65,False
6643-1,Fire Truck,Town > Classic Town,1988,1,74,False
6644-1,Road Rebel,Town > Classic Town,1990,1,72,False
6645-1,Street Sweeper,Town > Classic Town,1991,1,65,False
6647-1,Highway Repair,Town > Classic Town,1980,1,55,False
6648-1,Mag Racer,Town > Classic Town,1992,1,63,False
6648-2,Dump Truck,Town > Classic Town,1980,1,42,False
6649-1,Street Sweeper,Town > Classic Town,1995,1,63,False
6650-1,Fire and Rescue Van,Town > Classic Town,1981,1,46,False
6651-1,Post Office Van,Town > Classic Town,1982,1,47,False
6652-1,Construction Truck,Town > Classic Town,1983,1,44,False
6653-1,Highway Emergency Van,Town > Classic Town,1982,1,56,False
6656-1,Tow Truck,Town > Classic Town,1985,1,54,False
6657-1,Fire Patrol Copter,Town > Classic Town,1985,1,66,False
6658-1,Bulldozer,Town > Classic Town,1986,1,65,False
6660-1,Hook & Haul Wrecker,Town > Classic Town,1989,1,53,False
6661-1,Mobile TV Studio,Town > Classic Town,1989,1,75,False
6663-1,Wave Rebel,Town > Classic Town,1993,1,79,False
6666-1,Ambulance,Town > Classic Town,1994,1,79,False
6667-1,Pothole Patcher,Town > Classic Town,1993,1,97,False
6668-1,Recycle Truck,Town > Classic Town,1992,1,109,False
6669-1,Diesel Daredevil,Town > Classic Town,1991,1,90,False
6670-1,Rescue Rig,Town > Classic Town,1993,1,114,False
6673-1,Solo Trainer,Town > Classic Town,1990,1,74,False
6674-1,Crane Truck,Town > Classic Town,1988,1,94,False
6675-1,Road & Trail 4x4,Town > Classic Town,1988,1,81,False
6676-1,Mobile Command Unit,Town > Classic Town,1986,1,100,False
6677-1,Motocross Racing,Town > Classic Town,1986,1,76,False
6678-1,Pneumatic Crane,Town > Classic Town,1980,1,61,False
6679-1,Dark Shark,Town > Classic Town,1991,1,83,False
6679-2,Exxon Tow Truck,Town > Classic Town,1980,1,79,False
6680-1,Ambulance,Town > Classic Town,1981,1,63,False
6681-1,Police Van,Town > Classic Town,1981,1,81,False
6682-1,Cement Mixer,Town > Classic Town,1985,1,90,False
6683-1,Burger Stand,Town > Classic Town,1983,1,69,False
6684-1,Police Patrol Squad,Town > Classic Town,1984,1,81,False
6685-1,Fire Copter 1,Town > Classic Town,1982,1,99,False
6687-1,Turbo Prop I,Town > Classic Town,1987,1,78,False
6688-1,Ambulance,Town > Classic Town,1985,1,72,False
6689-1,Post-Station,Town > Classic Town,1985,1,55,False
6690-1,Snorkel Pumper,Town > Classic Town,1980,1,103,False
6691-1,Red Cross Helicopter,Town > Classic Town,1981,1,107,False
6692-1,Tractor Trailer,Town > Classic Town,1983,1,97,False
6693-1,Refuse Collection Truck,Town > Classic Town,1987,1,114,False
6694-1,Car with Camper,Town > Classic Town,1984,1,109,False
6695-1,Shell Tanker,Town > Classic Town,1984,1,107,False
6696-1,Exxon Fuel Tanker,Town > Classic Town,1984,1,107,False
6697-1,Rescue-I Helicopter,Town > Classic Town,1985,1,85,False
6698-1,RV with Speedboat,Town > Classic Town,1986,1,129,False
6699-1,Cycle Fix-It Shop,Town > Classic Town,1987,1,81,False
6706-1,Frontier Patrol,Western,1997,1,28,False
6709-1,Tribal Chief,Western,1997,1,15,False
6712-1,Sheriff's Showdown,Western,1996,1,28,False
6716-1,Covered Wagon,Western,1996,1,65,False
6718-1,Raindance Ridge,Western,1997,1,73,False
6741-1,Mini Jet,Creator > Creator 3-in-1,2009,3,63,False
6742-1,Mini Off-Roader,Creator > Creator 3-in-1,2009,3,64,False
6743-1,Street Speeder,Creator > Creator 3-in-1,2009,3,165,False
6745-1,Propellor Power,Creator > Creator 3-in-1,2009,3,247,False
6747-1,Race Rider,Creator > Creator 3-in-1,2009,3,266,False
6753-1,Highway Transport,Creator > Creator 3-in-1,2009,3,1294,False
6755-1,Sheriff's Lock-Up,Western,1996,1,178,False
6761-1,Bandit's Secret Hide-Out,Western,1996,1,250,False
6765-1,Gold City Junction,Western,1996,1,352,False
6769-1,Fort Legoredo,Western,1996,1,688,False
6770-1,Lunar Transporter Patroller,Space > Futuron,1988,1,117,False
6780-1,XT Starship,Space > Classic Space,1986,1,199,False
6781-1,SP-Striker,Space > Space Police I,1989,1,230,False
6790-1,Bandit's Wheelgun (Boxed),Western,1997,1,20,False
6799-1,Showdown Canyon,Western,1997,2,74,False
6801-1,Moon Buggy,Space > Classic Space,1981,1,22,False
6805-1,Astro Dasher,Space > Classic Space,1985,1,29,False
6810-1,Laser Ranger,Space > Futuron,1989,1,41,False
6811-1,Pulsar Charger,Space > M:Tron,1990,1,26,False
6812-1,Grid Trekkor,Space > Blacktron II,1991,1,25,False
6813-1,Galactic Chief,Space > Space Police II,1993,1,24,False
6814-1,Ice Tunnelator,Space > Ice Planet 2002,1993,1,25,False
6821-1,Shovel Buggy,Space > Classic Space,1980,1,28,False
6822-1,Space Digger,Space > Classic Space,1981,1,33,False
6825-1,Cosmic Comet,Space > Classic Space,1985,1,40,False
6827-1,Strata Scooter,Space > Classic Space,1987,1,35,False
6828-1,Twin-Winged Spoiler,Space > Futuron,1988,1,57,False
6830-1,Space Patroller,Space > Futuron,1988,1,51,False
6831-1,Message Decoder,Space > Space Police I,1989,1,34,False
6832-1,Super Nova II,Space > Blacktron II,1991,1,42,False
6833-1,Beacon Tracer,Space > M:Tron,1990,1,40,False
6834-1,Celestial Sled,Space > Ice Planet 2002,1993,1,55,False
6835-1,Saucer Scout,Space > Spyrius,1994,1,47,False
6841-1,Mineral Detector,Space > Classic Space,1980,1,44,False
6842-1,Shuttle Craft,Space > Classic Space,1981,1,46,False
6844-1,Seismologic Vehicle (Sismobile),Space > Classic Space,1983,1,46,False
6848-1,Strategic Pursuer,Space > Futuron,1988,1,62,False
6850-1,Auxiliary Patroller,Space > Futuron,1989,1,46,False
6851-1,Tri-Wheeled Tyrax,Space > Blacktron II,1991,1,38,False
6852-1,Sonar Security,Space > Space Police II,1993,1,61,False
6861-1,X1 Patrol Craft,Space > Classic Space,1980,1,55,False
6861-2,Super Model Building Instruction,Space > Blacktron II,1993,1,178,False
6862-1,Secret Space Voyager,Space > M:Tron,1991,1,254,False
6870-1,Space Probe Launcher,Space > Classic Space,1981,1,60,False
6875-1,Hovercraft,Space > Futuron,1988,1,93,False
6876-1,Alienator,Space > Blacktron I,1988,1,92,False
6877-1,Vector Detector,Space > M:Tron,1990,1,62,False
6878-1,Sub Orbital Guardian,Space > Blacktron II,1991,1,75,False
6879-1,Blizzard Baron,Space > Ice Planet 2002,1993,1,83,False
6880-1,Surface Explorer,Space > Classic Space,1982,1,83,False
6884-1,Aero Module,Space > Futuron,1987,1,107,False
6885-1,Saturn Base Main Team (Crater Crawler),Space > Futuron,1988,1,101,False
6886-1,Galactic Peace Keeper,Space > Space Police I,1989,1,121,False
6887-1,Allied Avenger,Space > Blacktron II,1991,1,100,False
6889-1,Recon Robot,Space > Spyrius,1994,1,136,False
689-1,Mobile Crane,Legoland > Construction,1974,1,46,False
6890-1,Cosmic Cruiser,Space > Classic Space,1982,1,115,False
6891-1,Gamma V Laser Craft,Space > Classic Space,1985,1,135,False
6893-1,Orion II Hyperspace,Space > Futuron,1987,1,162,False
6894-1,Invader,Space > Blacktron I,1987,1,159,False
6895-1,Spy-Trak 1,Space > Space Police I,1989,1,152,False
6896-1,Celestial Forager,Space > M:Tron,1990,1,92,False
6897-1,Rebel Hunter,Space > Space Police II,1992,1,146,False
6898-1,Ice-Sat V,Space > Ice Planet 2002,1993,1,136,False
6901-1,Mobile Lab,Space > Classic Space,1980,1,139,False
6911-1,Mini Fire Truck,Creator > Creator 3-in-1,2012,3,69,False
6912-1,Super Soarer,Creator > Creator 3-in-1,2012,3,130,False
6919-1,Planetary Prowler,Space > Insectoids,1998,1,249,False
6923-1,Particle Ionizer,Space > M:Tron,1990,1,192,False
6925-1,Interplanetary Rover,Space > Futuron,1988,1,211,False
6927-1,All-Terrain Vehicle,Space > Classic Space,1981,1,163,False
6929-1,Star Fleet Voyager,Space > Classic Space,1981,1,246,False
6931-1,FX Star Patroller,Space > Classic Space,1985,1,227,False
6932-1,Stardefender 200,Space > Futuron,1987,1,251,False
6933-1,Spectral Starguider,Space > Blacktron II,1991,1,212,False
6939-1,Saucer Centurion,Space > Spyrius,1994,1,222,False
6941-1,Battrax,Space > Blacktron I,1987,1,284,False
6949-1,Robo-Guardian,Space > Spyrius,1994,1,367,False
6950-1,Mobile Rocket Transport,Space > Classic Space,1982,1,210,False
6951-1,Robot Command Center,Space > Classic Space,1984,1,295,False
6953-1,Cosmic Laser Launcher,Space > Futuron,1987,1,210,False
6954-1,Renegade,Space > Blacktron I,1987,1,315,False
6955-1,Space Lock-Up Isolation Base,Space > Space Police I,1989,1,252,False
6956-1,Stellar Recon Voyager,Space > M:Tron,1990,1,233,False
6957-1,Solar Snooper,Space > Space Police II,1992,1,253,False
6959-1,Lunar Launch Site,Space > Spyrius,1994,1,288,False
6964-1,Boba Fett's Slave I - Mini (Kabaya Box),Star Wars,2004,1,25,True
6965-1,TIE Interceptor - Mini (Kabaya Box),Star Wars,2004,1,32,True
6966-1,Jedi Starfighter - Mini,Star Wars,2005,1,38,True
6967-1,ARC-170 Starfighter - Mini,Star Wars,2005,1,42,True
6970-1,Beta I Command Base,Space > Classic Space,1980,1,270,False
6973-1,Deep Freeze Defender,Space > Ice Planet 2002,1993,1,417,False
6980-1,Galaxy Commander,Space > Classic Space,1983,1,443,False
6981-1,Aerial Intruder,Space > Blacktron II,1991,1,267,False
6983-1,Ice Station Odyssey,Space > Ice Planet 2002,1993,1,344,False
6984-1,Galactic Mediator,Space > Space Police II,1992,1,406,False
6986-1,Mission Commander,Space > Space Police I,1989,1,477,False
6987-1,Message Intercept Base,Space > Blacktron I,1988,1,575,False
6988-1,Alpha Centauri Outpost,Space > Blacktron II,1991,1,406,False
6989-1,Mega Core Magnetizer,Space > M:Tron,1990,1,506,False
6990-1,Monorail Transport System,Space > Futuron,1988,1,731,False
6991-1,Monorail Transport Base,Space > Unitron,1994,1,573,False
70127-1,Wolf Legend Beast,Legends of Chima,2014,1,110,False
70814-1,Emmet's Construct-o-Mech,The LEGO Movie,2014,1,708,False
70816-1,"Benny's Spaceship, Spaceship, SPACESHIP!",The LEGO Movie,2014,1,940,False
71006-1,The Simpsons House,Other,2014,1,2547,False
7101-1,Lightsaber Duel,Star Wars,1999,1,52,True
7106-1,Droid Escape,Star Wars,2001,1,45,True
7110-1,Landspeeder,Star Wars,1999,1,49,True
7111-1,Droid Fighter,Star Wars,1999,1,62,True
71200-1,Starter Pack Parts,Dimensions,2015,1,267,False
7121-1,Naboo Swamp,Star Wars,1999,1,82,True
7128-1,Speeder Bikes,Star Wars,1999,1,93,True
7130-1,Snowspeeder,Star Wars,1999,1,217,True
7131-1,Anakin's Podracer,Star Wars,1999,1,136,True
7140-1,X-wing Fighter,Star Wars,1999,1,271,True
7141-1,Naboo Fighter,Star Wars,1999,1,179,True
7150-1,TIE Fighter & Y-wing,Star Wars,1999,1,410,True
7161-1,Gungan Sub,Star Wars,1999,1,379,True
7180-1,B-wing at Rebel Control Center,Star Wars,2000,1,346,True
7181-1,TIE Interceptor,Star Wars > Ultimate Collector Series,2000,1,703,True
7191-1,X-wing Fighter,Star Wars > Ultimate Collector Series,2000,1,1304,True
7209-1,Pteranodon,Creator > Designer Sets,2004,1,28,False
7210-1,Apatosaurus,Creator > Designer Sets,2004,1,33,False
7218-1,Orange Speedboat,Creator > Designer Sets,2004,1,26,False
7219-1,Dinosaur,Creator > Designer Sets,2004,1,34,False
722-1,Universal Building Set,Universal Building Set,1980,5,302,False
7221-1,Robots,Creator > Designer Sets,2003,2,23,False
7222-1,Small Red Helicopter (Polybag),Creator > Designer Sets,2003,2,28,False
7223-1,Yellow Truck (Polybag),Creator > Designer Sets,2003,2,34,False
7235-1,Police Motorcycle (Black Sticker Version),City > Police,2005,1,29,False
7236-1,Police Car (Black Sticker Version),City > Police,2005,1,60,False
7242-1,Street Sweeper,City > Traffic,2005,1,64,False
7245-1,"Prisoner Transport, Black Logo",City > Police,2005,1,100,False
7246-1,Mini Digger,City > Construction,2005,1,37,False
7248-1,Digger,City > Construction,2005,1,128,False
7268-1,Crab,Creator > Designer Sets,2005,1,32,False
7269-1,Scorpion,Creator > Designer Sets,2005,1,37,False
7270-1,Bird,Creator > Designer Sets,2005,1,28,False
7271-1,Apple - Suntory Promotional,Creator,2005,1,9,False
7272-1,Pear - Suntory Promotional,Creator,2005,1,11,False
7274-1,Orange - Suntory Promotional,Creator,2005,1,9,False
7275-1,Cherry - Suntory Promotional,Creator,2005,1,12,False
7276-1,Mango - Suntory Promotional,Creator,2005,1,7,False
7278-1,Melon - Suntory Promotional,Creator,2005,1,9,False
7306-1,Golden Staff Guardians,Pharaoh's Quest,2011,1,70,False
7325-1,Cursed Cobra Statue,Pharaoh's Quest,2011,1,213,False
7326-1,Rise of the Sphinx,Pharaoh's Quest,2011,1,527,False
7327-1,Scorpion Pyramid,Pharaoh's Quest,2011,1,795,False
733-1,Universal Building Set,Universal Building Set,1980,5,504,False
7347-1,Highway Pickup,Creator > Creator 3-in-1,2012,3,805,False
7410-1,Jungle River,Adventurers > Orient Expedition,2003,1,66,False
744-1,Universal Building Set,Universal Building Set,1980,5,553,False
7452-1,Lime/Black Racer,Racers,2007,1,34,False
7453-1,Yellow/Black Racer,Racers,2007,1,26,False
75010-1,B-wing Starfighter & Planet Endor,Star Wars,2013,1,83,True
75033-1,Star Destroyer,Star Wars,2014,1,97,True
75050-1,B-Wing,Star Wars,2014,1,448,True
75053-1,The Ghost,Star Wars,2014,1,929,True
75054-1,AT-AT,Star Wars,2014,1,1138,True
75055-1,Imperial Star Destroyer,Star Wars,2014,1,1360,True
75060-1,Slave I,Star Wars > Ultimate Collector Series,2015,1,1996,True
75075-1,AT-AT,Star Wars,2015,1,88,True
75102-1,Poe's X-Wing Fighter,Star Wars,2015,1,716,True
75144-1,Snowspeeder,Star Wars > Ultimate Collector Series,2017,1,1703,True
75155-1,Rebel U-Wing Fighter,Star Wars,2016,1,659,True
75181-1,Y-Wing Starfighter,Star Wars > Ultimate Collector Series,2018,1,1967,True
75253-1,Droid Commander,Star Wars,2019,2,1177,True
75272-1,Sith TIE Fighter,Star Wars,2020,1,470,True
75276-1,Stormtrooper,Star Wars,2020,1,647,True
75277-1,Boba Fett,Star Wars,2020,1,625,True
75317-1,The Mandalorian & The Child,Brickheadz,2020,1,295,False
75870-1,Chevrolet Corvette Z06,Speed Champions,2016,1,176,True
75878-1,Bugatti Chiron,Speed Champions,2017,1,188,True
75892-1,McLaren Senna,Speed Champions,2019,1,222,True
75893-1,2018 Dodge Challenger SRT Demon and 1970 Dodge Charger R/T,Speed Champions,2019,1,485,True
75895-1,1974 Porsche 911 Turbo 3.0,Speed Champions,2019,1,180,True
75948-1,Hogwarts Clock Tower,Harry Potter,2019,1,926,True
75953-1,Hogwarts Whomping Willow,Harry Potter,2018,1,754,True
75954-1,Hogwarts Great Hall,Harry Potter,2018,1,882,True
75966-1,Hogwarts Room of Requirement,Harry Potter,2020,1,194,True
75968-1,4 Privet Drive,Harry Potter,2020,1,797,True
75969-1,Hogwarts Astronomy Tower,Harry Potter,2020,1,971,True
75980-1,Attack on The Burrow,Harry Potter,2020,1,1052,True
7601-1,LEGO Go-Kart Set,Creator,2006,1,42,False
7602-1,Jeep,Creator,2006,1,46,False
7603-1,Dump Truck,Creator,2006,1,33,False
76042-1,The SHIELD Helicarrier,Super Heroes Marvel > Avengers,2015,1,2996,True
7607-1,Butterfly,Creator,2006,1,29,False
7608-1,Shark,Creator,2006,1,27,False
7609-1,Helicopter,Creator,2006,1,28,False
7610-1,Speedboat,Creator,2006,1,18,False
7611-1,Police Car,Racers,2008,1,35,False
7612-1,Muscle Car,Racers,2008,1,37,False
7613-1,Track Racer,Racers,2008,1,34,False
76139-1,1989 Batmobile,Super Heroes DC > Batman > UCS,2019,1,3310,True
76161-1,1989 Batwing,Super Heroes DC > Batman > UCS,2020,1,2363,True
7630-1,Front-End Loader,City > Construction,2009,1,108,False
7631-1,Dump Truck,City > Construction,2009,1,189,False
7632-1,Crawler Crane,City > Construction,2009,1,479,False
7634-1,Tractor,City > Farm,2009,1,78,False
7635-1,4WD with Horse Trailer,City > Farm,2009,1,176,False
7636-1,Combine Harvester,City > Farm,2009,1,365,False
7637-1,Farm,City > Farm,2009,1,614,False
7638-1,Tow Truck,City > Traffic,2009,1,129,False
7639-1,Camper,City > Traffic,2009,1,165,False
7641-1,City Corner,City > Traffic,2009,1,485,False
7657-1,AT-ST,Star Wars,2007,1,243,True
7667-1,Imperial Dropship,Star Wars,2008,1,81,True
7685-1,Dozer,City > Construction,2009,1,352,False
76897-1,1985 Audi Sport quattro S1,Speed Champions,2020,1,253,True
7715-1,Push-Along Passenger Steam Train,Train > 4.5V,1985,1,450,False
7722-1,Steam Cargo Train,Train > 4.5V,1985,1,499,False
7725-1,Electric Passenger Train,Train > 12V,1981,1,493,False
7730-1,Electric Goods Train,Train > 12V,1980,1,520,False
7731-1,Mail Van,City > Traffic,2008,1,66,False
7732-1,Air Mail,City > Traffic,2008,1,88,False
7733-1,Truck & Forklift,City > Cargo,2008,1,343,False
7735-1,Freight Train,Train > 12V,1985,2,518,False
7736-1,Coast Guard Quad Bike,City > Coast Guard,2008,1,33,False
7737-1,Coast Guard 4WD & Jet Scooter,City > Coast Guard,2008,1,131,False
7740-1,Inter-City Passenger Train,Train > 12V,1980,1,787,False
7741-1,Police Helicopter,City > Police,2008,1,94,False
7743-1,Police Command Center,City > Police,2008,1,524,False
7745-1,High-Speed City Express Passenger Train,Train > 12V,1985,1,737,False
7746-1,Single-Drum Roller,City > Construction,2009,1,208,False
7747-1,Wind Turbine Transport,City > Traffic,2009,1,444,False
7750-1,Steam Engine,Train > 12V,1980,1,268,False
7755-1,Diesel Heavy Shunting Locomotive,Train > 12V,1983,1,164,False
7760-1,Diesel Shunter Locomotive,Train > 12V,1980,1,155,False
7784-1,The Batmobile Ultimate Collectors' Edition,Super Heroes DC > Batman > UCS,2006,1,1045,True
77904-1,Nebulon-B Frigate,Star Wars,2020,1,459,True
7796-1,House,Creator,2008,1,56,False
7800-1,Off Road Racer,Racers,2009,1,28,False
7801-1,Red Racer Polybag,Racers,2009,1,42,False
7802-1,Black Racer Polybag,Racers,2009,1,29,False
7803-1,Jeep,Creator,2009,1,38,False
7808-1,Yellow Airplane,Creator,2009,1,34,False
7810-1,Push-Along Steam Engine,Train > 4.5V,1980,1,97,False
7813-1,Shell Tanker Wagon,Train > 12V,1986,1,121,False
7815-1,Passenger Carriage / Sleeper,Train > 12V,1983,1,228,False
7816-1,Shell Tanker Wagon,Train > 4.5V,1980,1,116,False
7817-1,Crane Wagon,Train > 4.5V,1985,1,148,False
7819-1,Postal Container Wagon Covered,Train,1983,1,183,False
7821-1,Overhead Gantry and Lighting Maintenance Wagon,Train > 4.5V,1983,2,90,False
7822-1,Railway Station,Train > 4.5V,1980,1,384,False
7823-1,Container Crane Depot,Train > 12V,1986,1,484,False
7824-1,Railway Station,Train > 4.5V,1983,1,479,False
7834-1,Level Crossing Manual,Train > 12V,1980,1,91,False
7835-1,Manual Road Crossing,Train > 4.5V,1985,1,134,False
7839-1,Car Transport Depot,Train > 12V,1986,1,341,False
7866-1,Remote Controlled Road Crossing,Train > 12V,1983,1,194,False
7875-1,Backhoe,Creator,2007,1,39,False
7893-1,Passenger Plane,City > Airport,2006,1,404,False
7902-1,Doctor's Car,City > Hospital,2006,1,66,False
7903-1,Rescue Helicopter,City > Hospital,2006,1,249,False
7910-1,Robot Promotional (Duracell),Creator > Designer Sets,2004,1,29,False
7911-1,Ship Promotional (Duracell),Creator > Designer Sets,2004,1,33,False
7912-1,Helicopter Promotional (Duracell),Creator > Designer Sets,2004,1,26,False
7936-1,Level Crossing,City > Trains,2010,1,142,False
7942-1,Off Road Fire Rescue,City > Fire,2007,1,130,False
7990-1,Cement Mixer,City > Construction,2007,1,213,False
7991-1,Recycle Truck,City > Traffic,2007,1,206,False
7992-1,Container Stacker,City > Cargo,2007,1,218,False
7997-1,Train Station,City > Trains,2007,1,387,False
8001-1,Battle Droid™ / Star Wars Battle Droid,Technic > Star Wars,2000,2,336,True
8002-1,Destroyer Droid™ / Star Wars Destroyer Droid,Technic > Star Wars,2000,1,567,True
8012-1,Super Battle Droid™,Technic > Star Wars,2002,1,378,True
8020-1,Universal Building Set,Technic > Universal Building Set,1984,6,119,False
8022-1,TECHNIC Starter Set,Technic > Universal Building Set,1993,4,118,False
8024-1,Universal Building Set,Technic > Universal Building Set,1989,1,114,False
8028-1,TIE Fighter - Mini,Star Wars,2008,1,44,True
8029-1,Mini Snowspeeder,Star Wars,2008,1,66,True
8031-1,V-19 Torrent - Mini,Star Wars,2008,1,66,True
8032-1,Universal Set,Technic > Universal Building Set,1994,6,212,False
8033-1,General Grievous Starfighter - Mini,Star Wars,2009,1,44,True
8049-1,Tractor with Log Loader,Technic,2010,2,525,False
8054-1,Universal Building Set,Technic > Universal Building Set,1989,3,197,False
8062-1,Universal Set with Storage Case,Technic > Universal Building Set,1994,6,410,False
8063-1,Tractor with Trailer,Technic,2009,2,1100,False
8074-1,Universal Building Set with Flex System,Technic > Universal Building Set,1992,4,317,False
8081-1,Extreme Cruiser,Technic,2011,2,590,False
8094-1,TECHNIC Control Centre,Technic > Universal Building Set,1990,4,549,False
8099-1,Midi-Scale Imperial Star Destroyer,Star Wars,2010,1,423,True
8110-1,Mercedes-Benz Unimog U400,Technic,2011,1,2048,False
8119-1,Thunder Racer,Racers,2009,2,48,False
8120-1,Rally Sprinter,Racers,2009,2,47,False
8121-1,Track Marshal,Racers,2009,2,48,False
8122-1,Desert Viper,Racers,2009,2,41,False
8123-1,Ferrari F1 Racers,Racers,2009,1,141,False
8124-1,Ice Rally,Racers,2009,1,172,False
8125-1,Thunder Raceway,Racers,2009,1,162,False
8126-1,Desert Challenge,Racers,2009,1,147,False
8130-1,Terrain Crusher,Racers,2007,2,44,False
8131-1,Raceway Rider,Racers,2007,2,51,False
8132-1,Night Driver,Racers,2007,2,41,False
8133-1,Rally Rider,Racers,2007,2,51,False
8134-1,Night Crusher,Racers,2007,1,264,False
8135-1,Bridge Chase,Racers,2007,1,542,False
8143-1,Ferrari 1:17 F430 Challenge,Racers > Ferrari,2007,1,690,True
8147-1,Bullet Run,Racers,2007,1,795,False
8148-1,EZ-Roadster,Racers,2008,2,45,False
8149-1,Midnight Streak,Racers,2008,2,43,False
8150-1,ZX Turbo,Racers,2008,2,55,False
8151-1,Adrift Sport,Racers,2008,2,52,False
8152-1,Speed Chasing,Racers,2008,1,142,False
8154-1,Brick Street Customs,Racers,2008,1,1021,False
8156-1,Ferrari FXX 1:17,Racers > Ferrari,2008,1,626,True
8158-1,Speed Racer & Snake Oiler,Speed Racer,2008,1,242,False
8159-1,Racer X & Taejo Togokhan,Speed Racer,2008,1,237,False
8160-1,Cruncher Block & Racer X,Speed Racer,2008,1,367,False
8161-1,Grand Prix Race,Speed Racer,2008,1,600,False
8169-1,Lamborghini Gallardo LP 560-4,Racers,2009,1,741,False
8182-1,Monster Crushers,Racers,2009,1,388,False
8186-1,Street Extreme,Racers,2009,1,757,False
8192-1,Lime Racer,Racers,2010,2,44,False
8193-1,Blue Bullet,Racers,2010,2,50,False
8194-1,Nitro Muscle,Racers,2010,2,47,False
8195-1,Turbo Tow,Racers,2010,2,43,False
8196-1,Chopper Jump,Racers,2010,1,143,False
8197-1,Highway Chaos,Racers,2010,1,144,False
8198-1,Ramp Crash,Racers,2010,1,147,False
8199-1,Security Smash,Racers,2010,1,137,False
8202-1,Blast Off Chopper with Bungee Cord Power!,Technic > Competition,1998,2,72,False
8203-1,Rover Discovery,Technic,1998,1,37,False
8204-1,Sky Flyer I,Technic,1998,1,41,False
8208-1,Custom Cruiser,Technic,1998,1,53,False
8209-1,F1 Racer / Future F1,Technic,1998,1,49,False
8211-1,Brick Street Getaway,Racers,2010,1,552,False
8217-1,The Wasp,Technic,1998,1,64,False
8218-1,Trike Tourer,Technic,1998,1,70,False
8245-1,Robot's Revenge,Technic > Competition,1998,1,223,False
8256-1,Go-Kart,Technic,2009,2,144,False
8257-1,Cyber Strikers,Technic > Competition,1998,1,369,False
8258-1,Crane Truck,Technic,2009,1,1877,False
8259-1,Mini Bulldozer,Technic,2009,2,165,False
8260-1,Tractor,Technic,2009,2,104,False
8261-1,Rally Truck,Technic,2009,2,198,False
8270-1,Rough Terrain Crane,Technic,2007,2,106,False
8272-1,Snowmobile,Technic,2007,2,332,False
8273-1,Off Road Truck,Technic,2007,2,805,False
8274-1,Combine Harvester,Technic,2007,2,1025,False
8275-1,Motorized Bulldozer,Technic,2007,1,1381,False
8281-1,Mini Tractor,Technic,2006,2,121,False
8283-1,Telehandler,Technic,2006,2,323,False
8285-1,Tow Truck,Technic,2006,1,1879,False
8289-1,Fire Truck,Technic,2006,2,1035,False
8301-1,Urban Enforcer,Racers,2011,2,45,False
8302-1,Rod Rider,Racers,2011,2,48,False
8303-1,Demon Destroyer,Racers,2011,2,51,False
8304-1,Smokin' Slickster,Racers,2011,2,44,False
8399-1,K-9 Bot,Space > Space Police III,2009,1,22,False
8400-1,Space Speeder,Space > Space Police III,2009,1,14,False
8416-1,Forklift,Technic,2005,2,729,False
8418-1,Mini Loader,Technic,2005,2,66,False
8419-1,Excavator,Technic,2005,2,286,False
8448-1,Super Street Sensation,Technic,1999,5,1406,False
8464-1,Pneumatic Front End Loader,Technic,2001,1,583,False
8466-1,4x4 Off Roader,Technic,2001,1,1103,False
8495-1,Crosstown Craze,Racers,2008,1,503,False
850-1,Fork lift truck,Technic > Expert Builder,1977,3,216,False
851-1,Tractor,Technic > Expert Builder,1977,1,324,False
852-1,Reconnaisance Helicopter,Technic > Expert Builder,1977,1,364,False
8527-1,Mindstorms NXT,Mindstorms > NXT,2006,5,579,False
854-1,Go-Kart,Technic > Expert Builder,1978,1,212,False
8641-1,Flame Glider,Racers,2005,2,54,False
8642-1,Monster Crusher,Racers,2005,2,43,False
8643-1,Power Cruiser,Racers,2005,2,46,False
8644-1,Street Maniac,Racers,2005,2,36,False
8655-1,RX-Sprinter,Racers,2005,2,58,False
8656-1,F6 Truck,Racers,2005,2,47,False
8657-1,ATR 4,Racers,2005,2,39,False
8658-1,Big Bling Wheelie,Racers,2005,2,32,False
8661-1,Carbon Star,Racers,2006,2,44,False
8662-1,Blue Renegade,Racers,2006,2,49,False
8663-1,Fat Trax,Racers,2006,2,42,False
8664-1,Road Hero,Racers,2006,2,55,False
8665-1,Highway Enforcer {Box},Racers,2006,2,53,False
8666-1,TunerX,Racers,2006,2,61,False
8681-1,Tuner Garage,Racers,2006,1,658,False
8808-1,F1 Racer,Technic,1994,1,94,False
8810-1,Cafe Racer,Technic,1991,2,80,False
8815-1,Speedway Bandit,Technic,1991,3,78,False
8820-1,Mountain Rambler,Technic,1991,3,139,False
8824-1,Hovercraft,Technic,1994,1,193,False
8825-1,Night Chopper,Technic,1991,2,113,False
8826-1,ATX Sport Cycle,Technic,1993,2,95,False
8828-1,Front End Loader,Technic,1993,2,175,False
8830-1,Rally 6-wheeler,Technic,1990,2,169,False
8832-1,Roadster,Technic,1988,1,86,False
8835-1,Forklift,Technic,1989,2,240,False
8836-1,Sky Ranger,Technic,1993,2,273,False
8837-1,Pneumatic Excavator,Technic,1992,2,255,False
8838-1,Shock Cycle,Technic,1991,2,247,False
8840-1,Rally Shock n' Roll Racer,Technic,1991,2,222,False
8841-1,Desert Racer,Technic,1983,6,180,False
8844-1,Helicopter,Technic > Expert Builder,1981,1,316,False
8845-1,Dune Buggy,Technic > Expert Builder,1981,1,174,False
8848-1,Power Truck,Technic > Expert Builder,1981,1,398,False
8849-1,Tractor,Technic,1986,1,347,False
885-1,Space Scooter,Space > Classic Space,1979,1,20,False
8850-1,Rally Support Truck,Technic,1990,2,360,False
8851-1,Excavator,Technic,1984,1,362,False
8854-1,Power Crane,Technic,1989,1,517,False
8855-1,Prop Plane,Technic,1988,3,572,False
8856-1,Whirlwind Rescue,Technic,1991,2,517,False
8859-1,Tractor,Technic > Expert Builder,1981,1,612,False
886-1,Space Buggy,Space > Classic Space,1979,1,20,False
8862-1,Backhoe Grader,Technic,1989,1,679,False
8865-1,Test Car,Technic,1988,1,898,False
8868-1,Airtech Claw Rig,Technic,1992,2,954,False
8880-1,Super Car,Technic,1994,2,1346,False
889-1,Radar Truck,Space > Classic Space,1979,1,29,False
891-1,Two Seater Space Scooter,Space > Classic Space,1979,1,39,False
894-1,Mobile Ground Tracking Station,Space > Classic Space,1979,1,79,False
897-1,Mobile Rocket Launcher,Space > Classic Space,1979,1,77,False
9092-1,Crazy Demon,Racers,2012,1,86,False
9093-1,Bone Cruncher,Racers,2012,1,87,False
9094-1,Star Striker,Racers,2012,1,89,False
9095-1,Nitro Predator,Racers,2012,1,87,False
918-1,Space Transport,Space > Classic Space,1979,1,86,False
920-2,Alpha-1 Rocket Base,Space > Classic Space,1979,1,187,False
924-1,Space Cruiser,Space > Classic Space,1979,1,172,False
926-1,Command Centre,Space > Classic Space,1979,1,179,False
928-1,Galaxy Explorer,Space > Classic Space,1979,1,342,False
9390-1,Mini Tow Truck,Technic,2012,2,138,False
9391-1,Mini Crane,Technic,2012,2,218,False
9392-1,Quad Bike,Technic,2012,2,199,False
9393-1,Tractor,Technic,2012,1,353,False
9394-1,Jet Plane,Technic,2012,2,499,False
9395-1,Pick-Up Tow Truck,Technic,2012,1,954,False
9396-1,Helicopter,Technic,2012,2,1056,False
9397-1,Logging Truck,Technic,2012,1,1308,False
9469-1,Gandalf Arrives,The Hobbit and Lord of the Rings > The Lord of the Rings,2012,1,83,True
9470-1,Shelob Attacks,The Hobbit and Lord of the Rings > The Lord of the Rings,2012,1,227,True
9471-1,Uruk-hai Army,The Hobbit and Lord of the Rings > The Lord of the Rings,2012,1,257,True
9476-1,The Orc Forge,The Hobbit and Lord of the Rings > The Lord of the Rings,2012,1,363,True
950-1,Fork Lift,Technic > Expert Builder,1979,3,216,False
952-1,Tractor,Technic > Expert Builder,1978,1,322,False
956-1,Auto Chassis,Technic > Expert Builder,1978,1,603,False
