set,grupo
10001-1,calibracion
10002-1,calibracion
10013-1,calibracion
10014-1,calibracion
10015-1,calibracion
10016-1,calibracion
10017-1,calibracion
10018-1,calibracion
10019-1,calibracion
10020-1,calibracion
10022-1,calibracion
10025-1,calibracion
10030-1,calibracion
10036-1,calibracion
10037-1,calibracion
10124-1,calibracion
10128-1,calibracion
10129-1,calibracion
10133-1,test
10134-1,calibracion
10143-1,calibracion
10156-1,test
10158-1,calibracion
10159-1,calibracion
10170-1,calibracion
10174-1,calibracion
10175-1,calibracion
10176-1,calibracion
10179-1,calibracion
10182-1,test
10183-1,test
10184-1,calibracion
10185-1,calibracion
10190-1,calibracion
10194-1,test
10197-1,test
10205-1,calibracion
10212-1,calibracion
10213-1,test
10214-1,calibracion
10218-1,calibracion
10220-1,test
10224-1,calibracion
10226-1,calibracion
10227-1,test
10230-1,calibracion
10232-1,calibracion
10233-1,test
10240-1,test
10241-1,calibracion
10242-1,calibracion
10243-1,calibracion
10246-1,calibracion
10248-1,calibracion
10251-1,calibracion
10252-1,calibracion
10253-1,calibracion
10256-1,calibracion
10258-1,calibracion
10261-1,calibracion
10262-1,test
10264-1,test
10265-1,calibracion
10267-1,calibracion
10269-1,test
10270-1,test
10271-1,calibracion
10272-1,calibracion
10276-1,calibracion
10277-1,calibracion
10278-1,calibracion
10280-1,test
10281-1,test
10283-1,calibracion
1029-1,test
10294-1,calibracion
10295-1,calibracion
10297-1,calibracion
10298-1,calibracion
10315-1,calibracion
10349-1,calibracion
10359-1,calibracion
106-1,calibracion
1069-1,test
107-2,calibracion
10885-1,calibracion
10918-1,calibracion
1096-1,test
1097-1,calibracion
112-2,calibracion
1180-1,calibracion
121-1,calibracion
1210-2,calibracion
1211-2,calibracion
1212-2,calibracion
1213-2,calibracion
126-1,calibracion
1462-1,test
1472-1,calibracion
1477-1,calibracion
1478-1,test
1479-1,test
148-1,calibracion
1484-1,calibracion
1489-1,calibracion
1490-1,calibracion
1496-1,calibracion
1499-1,calibracion
1517-1,test
1528-1,calibracion
1557-1,calibracion
1572-1,calibracion
158-1,calibracion
1591-1,calibracion
1620-1,test
1621-1,calibracion
1631-1,calibracion
1632-1,calibracion
1633-1,calibracion
164-1,calibracion
165-1,calibracion
1656-1,calibracion
166-1,calibracion
167-1,calibracion
1680-1,test
1682-1,test
1702-1,test
1704-1,calibracion
17101-1,test
1713-1,calibracion
1714-1,calibracion
1731-1,calibracion
1772-1,calibracion
1773-1,calibracion
1775-1,test
1787-1,calibracion
1789-1,calibracion
1792-1,calibracion
1793-1,calibracion
1808-1,test
1831-1,calibracion
1854-1,calibracion
1869-1,calibracion
1875-1,calibracion
1887-1,calibracion
1896-1,calibracion
1916-1,calibracion
1952-1,calibracion
1969-1,test
1972-1,test
1974-3,calibracion
1974-4,calibracion
1991-1,test
20004-1,calibracion
20006-1,calibracion
20009-1,calibracion
20011-1,test
20014-1,calibracion
20015-1,calibracion
20019-1,calibracion
20021-1,calibracion
21000-1,calibracion
21000-2,calibracion
21001-1,calibracion
21002-1,calibracion
21003-1,calibracion
21004-1,calibracion
21005-1,calibracion
21006-1,calibracion
21007-1,calibracion
21008-1,calibracion
21009-1,calibracion
21010-1,calibracion
21011-1,calibracion
21012-1,calibracion
21013-1,calibracion
21014-1,calibracion
21015-1,calibracion
21016-1,calibracion
21017-1,calibracion
21018-1,calibracion
21019-1,calibracion
21020-1,calibracion
21021-1,calibracion
21022-1,calibracion
21023-1,calibracion
21024-1,calibracion
21026-1,calibracion
21027-1,calibracion
21028-1,calibracion
21029-1,calibracion
21030-1,calibracion
21031-1,calibracion
21032-1,calibracion
21033-1,test
21034-1,calibracion
21035-1,calibracion
21036-1,test
21037-1,calibracion
21039-1,calibracion
21041-1,calibracion
21042-1,calibracion
21043-1,calibracion
21045-1,calibracion
21046-1,calibracion
21047-1,calibracion
21051-1,calibracion
21052-1,calibracion
21107-1,calibracion
21113-1,calibracion
2130-1,calibracion
21302-1,calibracion
21303-1,calibracion
21307-1,calibracion
21309-1,calibracion
21311-1,test
21318-1,test
21319-1,test
2132-1,calibracion
21321-1,calibracion
21323-1,calibracion
21325-1,calibracion
2133-1,calibracion
2134-1,calibracion
2140-1,calibracion
2148-1,calibracion
2149-1,calibracion
2150-1,calibracion
2531-1,calibracion
2541-1,test
2542-1,calibracion
2584-1,calibracion
261-1,test
262-2,calibracion
2845-1,calibracion
2846-1,calibracion
2882-1,calibracion
2962-1,calibracion
30022-1,calibracion
30023-1,test
30024-1,calibracion
30025-1,calibracion
30026-1,test
30027-1,calibracion
30028-1,calibracion
30029-1,calibracion
30030-1,test
30033-1,calibracion
30034-1,test
30035-1,test
30036-1,calibracion
30050-1,calibracion
30051-1,calibracion
30052-1,test
30053-1,calibracion
30054-1,calibracion
30055-1,calibracion
30056-1,calibracion
30090-1,calibracion
30091-1,calibracion
30100-1,calibracion
30101-1,calibracion
30102-1,calibracion
30103-1,calibracion
30105-1,test
3015-1,calibracion
30161-1,calibracion
30181-1,calibracion
30190-1,calibracion
30191-1,calibracion
30192-1,test
30193-1,test
30194-1,calibracion
30195-1,calibracion
30201-1,test
30210-1,calibracion
30259-1,calibracion
30277-1,test
30283-1,calibracion
30284-1,test
30285-1,calibracion
30300-1,calibracion
30311-1,calibracion
30312-1,calibracion
30313-1,calibracion
30472-1,calibracion
30542-1,test
3056-1,calibracion
30571-1,calibracion
30572-1,calibracion
3061-1,calibracion
3063-1,calibracion
310-3,calibracion
31009-1,calibracion
31025-1,test
31027-1,calibracion
31028-1,test
31031-1,calibracion
31037-1,calibracion
31038-1,calibracion
31039-1,calibracion
31040-1,test
31045-1,calibracion
31048-1,calibracion
31049-1,calibracion
31063-1,test
31066-1,calibracion
31070-1,calibracion
31072-1,calibracion
31084-1,calibracion
31088-1,calibracion
31092-1,calibracion
311-1,calibracion
31153-1,test
31197-1,test
31199-1,calibracion
312-3,calibracion
31203-1,calibracion
31313-1,calibracion
314-1,calibracion
315-2,calibracion
316-1,test
3178-1,calibracion
3179-1,test
3180-1,calibracion
3181-1,test
3183-1,test
3184-1,calibracion
3185-1,calibracion
3186-1,calibracion
3187-1,test
3188-1,calibracion
3189-1,test
3219-1,calibracion
3221-1,test
3223-1,calibracion
3314-1,calibracion
3315-1,test
3316-1,calibracion
3404-1,calibracion
3405-1,calibracion
341-2,calibracion
3442-1,calibracion
345-1,calibracion
346-2,calibracion
347-3,test
349-1,calibracion
350-3,test
3501-1,calibracion
358-1,test
3602-1,calibracion
3605-1,calibracion
361-2,calibracion
3624-1,test
3625-1,calibracion
3628-1,calibracion
3636-1,calibracion
3637-1,calibracion
364-1,calibracion
3641-1,test
3644-1,calibracion
365-1,calibracion
3654-1,calibracion
3659-1,calibracion
3660-1,test
3667-1,calibracion
3668-1,calibracion
3669-1,calibracion
367-1,calibracion
3670-1,test
3674-1,calibracion
3676-1,calibracion
3678-1,calibracion
3681-1,test
3682-1,calibracion
3683-1,calibracion
3701-1,calibracion
3704-1,calibracion
3707-1,calibracion
3708-1,calibracion
3715-1,calibracion
3716-1,test
3718-1,calibracion
3721-1,calibracion
374-1,calibracion
3740-1,test
3741-1,calibracion
3742-1,test
376-2,calibracion
377-1,calibracion
3782-1,calibracion
3784-1,test
3791-1,calibracion
3792-1,calibracion
3794-1,calibracion
3795-1,calibracion
3796-1,calibracion
3798-1,calibracion
390-2,calibracion
392-1,calibracion
3930-1,calibracion
3931-1,calibracion
3932-1,calibracion
3933-1,calibracion
3934-1,calibracion
3935-1,calibracion
3936-1,calibracion
3937-1,calibracion
3938-1,calibracion
3939-1,calibracion
3942-1,test
395-1,calibracion
396-1,calibracion
40011-1,calibracion
40012-1,calibracion
40013-1,calibracion
40014-1,calibracion
4002-1,calibracion
4002020-1,calibracion
4005-1,calibracion
4010-1,calibracion
40138-1,test
40141-1,calibracion
40142-1,calibracion
40143-1,calibracion
40144-1,calibracion
40148-1,calibracion
4015-1,calibracion
4016-1,test
4017-1,calibracion
4018-1,calibracion
40180-1,calibracion
40181-1,calibracion
40182-1,calibracion
40183-1,calibracion
4019-1,calibracion
40190-1,calibracion
40191-1,calibracion
40192-1,test
40193-1,calibracion
40194-1,calibracion
40195-1,calibracion
40199-1,calibracion
4025-1,calibracion
40270-1,test
40271-1,calibracion
40272-1,calibracion
40273-1,calibracion
40274-1,calibracion
40290-1,calibracion
40335-1,test
40348-1,calibracion
40349-1,calibracion
40350-1,calibracion
40351-1,test
40352-1,calibracion
40353-1,calibracion
40354-1,calibracion
40367-1,calibracion
4037-1,calibracion
40377-1,test
40378-1,test
40379-1,calibracion
40380-1,calibracion
40386-1,calibracion
40391-1,calibracion
40396-1,calibracion
40412-1,calibracion
40413-1,test
40425-1,calibracion
40428-1,test
40431-1,calibracion
40433-1,test
40436-1,calibracion
40440-1,calibracion
40441-1,calibracion
40448-1,calibracion
40456-1,test
40457-1,test
40466-1,test
40782-1,calibracion
40783-1,calibracion
4096-1,calibracion
410-1,calibracion
41015-1,calibracion
41040-1,calibracion
41071-1,calibracion
41072-1,calibracion
41073-1,calibracion
41075-1,calibracion
41092-1,calibracion
41181-1,calibracion
41485-1,calibracion
41486-1,calibracion
41487-1,calibracion
41488-1,test
41490-1,calibracion
41491-1,test
41492-1,test
41493-1,calibracion
41496-1,calibracion
41497-1,test
41498-1,calibracion
41500-1,calibracion
41501-1,calibracion
41502-1,calibracion
41503-1,test
41504-1,calibracion
41505-1,calibracion
41512-1,test
41585-1,calibracion
41586-1,test
41587-1,test
41588-1,calibracion
41589-1,calibracion
41590-1,calibracion
41591-1,calibracion
41592-1,calibracion
41593-1,calibracion
41594-1,calibracion
41595-1,calibracion
41596-1,test
41598-1,test
41599-1,calibracion
41600-1,calibracion
41601-1,calibracion
41602-1,test
41603-1,test
41604-1,test
41605-1,test
41606-1,calibracion
41607-1,calibracion
41608-1,calibracion
41609-1,calibracion
41611-1,calibracion
41612-1,calibracion
41613-1,calibracion
41614-1,calibracion
41615-1,test
41616-1,calibracion
41617-1,calibracion
41618-1,calibracion
41620-1,test
41621-1,test
41624-1,calibracion
41625-1,test
41627-1,calibracion
41630-1,test
41632-1,calibracion
41634-1,calibracion
41637-1,calibracion
41903-1,calibracion
41999-1,calibracion
4200-1,calibracion
42000-1,calibracion
42004-1,calibracion
42006-1,calibracion
42020-1,calibracion
42021-1,calibracion
42022-1,calibracion
42023-1,calibracion
42024-1,calibracion
42026-1,test
42029-1,calibracion
42031-1,calibracion
42032-1,calibracion
42033-1,test
42034-1,calibracion
42035-1,calibracion
42036-1,calibracion
42037-1,test
42038-1,calibracion
42039-1,calibracion
42040-1,calibracion
42041-1,test
42042-1,calibracion
42043-1,calibracion
42044-1,calibracion
42045-1,calibracion
42046-1,calibracion
42047-1,test
42048-1,calibracion
42049-1,calibracion
4205-1,calibracion
42050-1,calibracion
42052-1,calibracion
42053-1,calibracion
42054-1,calibracion
42055-1,calibracion
42056-1,calibracion
42057-1,test
42058-1,calibracion
42059-1,calibracion
4206-2,calibracion
42060-1,calibracion
42061-1,test
42062-1,calibracion
42063-1,calibracion
42064-1,calibracion
42065-1,calibracion
42066-1,calibracion
42068-1,calibracion
42069-1,calibracion
42070-1,test
42071-1,calibracion
42072-1,test
42073-1,test
42074-1,calibracion
42075-1,calibracion
42076-1,calibracion
42077-1,calibracion
42078-1,test
42079-1,calibracion
4208-1,calibracion
42080-1,calibracion
42081-1,calibracion
42082-1,calibracion
42083-1,calibracion
42084-1,calibracion
42088-1,calibracion
42092-1,calibracion
42093-1,calibracion
42094-1,test
42095-1,test
42096-1,calibracion
42099-1,calibracion
42100-1,test
42101-1,calibracion
42102-1,calibracion
42105-1,calibracion
42106-1,calibracion
42107-1,calibracion
42108-1,calibracion
42109-1,calibracion
42110-1,calibracion
42111-1,calibracion
42112-1,calibracion
42113-1,calibracion
42114-1,test
42115-1,calibracion
42116-1,calibracion
42120-1,test
42121-1,calibracion
42122-1,test
42123-1,test
42124-1,calibracion
42125-1,calibracion
42129-1,calibracion
42131-1,calibracion
430-1,calibracion
4308-1,test
4309-1,calibracion
4310-1,calibracion
4347-1,calibracion
4348-1,calibracion
4349-1,test
435-1,calibracion
4404-1,test
4431-1,calibracion
4432-1,calibracion
4433-1,calibracion
4434-1,test
4436-1,calibracion
4439-1,calibracion
4484-1,calibracion
4485-1,calibracion
4486-1,calibracion
4487-1,calibracion
4488-1,calibracion
4489-1,calibracion
4490-1,calibracion
4491-1,calibracion
4492-1,calibracion
4493-1,test
4494-1,test
4495-1,calibracion
4525-1,test
45300-1,calibracion
4532-1,test
4533-1,calibracion
4536-1,calibracion
4537-1,calibracion
4539-1,calibracion
4541-1,calibracion
4543-1,calibracion
4544-1,calibracion
4546-1,test
4547-1,calibracion
4549-1,calibracion
4551-1,calibracion
4554-1,calibracion
4555-1,calibracion
4557-1,calibracion
4558-1,calibracion
4563-1,calibracion
4565-1,test
4641-1,test
4643-1,test
4778-1,calibracion
4837-1,calibracion
4838-1,calibracion
4883-1,calibracion
4886-1,calibracion
4888-1,calibracion
4896-1,calibracion
4903-1,test
4904-1,calibracion
4905-1,calibracion
4906-1,calibracion
4911-1,calibracion
4912-1,calibracion
4914-1,calibracion
4915-1,calibracion
4917-1,test
4918-1,calibracion
4937-1,calibracion
4939-1,calibracion
4947-1,calibracion
4948-1,test
4949-1,calibracion
4953-1,calibracion
4954-1,calibracion
4955-1,calibracion
4956-1,calibracion
4991-1,calibracion
4993-1,test
4996-1,calibracion
51515-1,calibracion
544-1,calibracion
5510-1,calibracion
5521-1,calibracion
5533-1,calibracion
5540-1,test
5542-1,calibracion
555-2,calibracion
5571-1,test
560-1,test
5610-1,calibracion
561412-1,calibracion
566-1,test
5761-1,calibracion
5762-1,calibracion
5763-1,calibracion
5764-1,test
5765-1,calibracion
5766-1,calibracion
5767-1,calibracion
5770-1,test
5771-1,calibracion
5864-1,calibracion
5865-1,calibracion
5866-1,calibracion
5867-1,calibracion
5891-1,calibracion
5892-1,calibracion
5893-1,calibracion
5920-1,calibracion
5934-1,calibracion
5935-1,calibracion
5969-1,calibracion
5970-1,test
5971-1,test
5972-1,calibracion
5973-1,calibracion
5974-1,calibracion
5979-1,test
5980-1,calibracion
5981-1,calibracion
5982-1,calibracion
5983-1,calibracion
5984-1,calibracion
5985-1,calibracion
600-1,test
60001-1,calibracion
60017-1,calibracion
60018-1,calibracion
60054-1,test
60059-1,test
60065-1,calibracion
60066-1,calibracion
60067-1,calibracion
60083-1,calibracion
601-1,test
601-2,calibracion
6010-1,test
60101-1,test
6011-1,calibracion
6021-1,calibracion
60216-1,test
6022-1,calibracion
603-1,calibracion
6030-1,calibracion
6034-1,test
6035-1,test
604-1,test
604-2,calibracion
6040-1,calibracion
6041-1,calibracion
6043-1,test
6049-1,test
605-1,calibracion
6054-1,calibracion
6056-1,calibracion
6059-1,calibracion
606-1,calibracion
6061-1,calibracion
6062-1,calibracion
6066-1,calibracion
6067-1,calibracion
6071-1,calibracion
6073-1,test
6074-1,test
6080-1,calibracion
6085-1,calibracion
610-1,calibracion
6102-1,calibracion
612-1,test
613-1,calibracion
620-1,test
6208-1,calibracion
621-1,calibracion
622-1,calibracion
623-1,calibracion
6232-1,calibracion
6235-1,calibracion
6245-1,calibracion
625-1,test
6279-1,calibracion
6285-1,test
6286-1,calibracion
6325-1,calibracion
6331-1,test
6334-1,calibracion
6339-1,calibracion
6344-1,calibracion
6346-1,calibracion
6348-1,calibracion
6349-1,calibracion
6350-1,calibracion
6351-1,calibracion
6352-1,calibracion
6353-1,calibracion
6354-1,calibracion
6355-1,calibracion
6356-1,test
6357-1,calibracion
6360-1,test
6361-1,calibracion
6362-1,calibracion
6363-1,test
6364-1,calibracion
6365-1,calibracion
6368-1,calibracion
6369-1,calibracion
6370-1,calibracion
6372-1,calibracion
6373-1,test
6374-1,calibracion
6375-1,calibracion
6376-1,calibracion
6378-1,calibracion
6379-1,test
6380-1,calibracion
6381-1,calibracion
6382-1,calibracion
6384-1,calibracion
6386-1,test
6388-1,calibracion
6389-1,calibracion
6392-1,calibracion
6396-1,calibracion
6397-1,calibracion
6398-1,calibracion
6399-1,calibracion
6400-1,calibracion
6402-1,calibracion
6406-1,calibracion
6414-1,calibracion
6415-1,test
6416-1,calibracion
6428-1,calibracion
6430-1,calibracion
6431-1,calibracion
6440-1,calibracion
6442-1,calibracion
6445-1,calibracion
6450-1,calibracion
6451-1,calibracion
6462-1,calibracion
6470-1,test
6472-1,test
6473-1,calibracion
6479-1,test
6480-1,test
6481-1,calibracion
6482-1,calibracion
6484-1,calibracion
6490-1,calibracion
6501-1,calibracion
6503-1,calibracion
6504-1,calibracion
6505-1,calibracion
6506-1,calibracion
6507-1,calibracion
6508-1,calibracion
6509-1,test
6511-1,calibracion
6512-1,calibracion
6514-1,calibracion
6515-1,calibracion
6516-1,calibracion
6517-1,calibracion
6521-1,calibracion
6522-1,calibracion
6523-1,calibracion
6524-1,calibracion
6525-1,test
6526-1,calibracion
6527-1,calibracion
6529-1,calibracion
6530-1,calibracion
6531-1,test
6532-1,calibracion
6533-1,calibracion
6534-1,calibracion
6535-1,calibracion
6536-1,calibracion
6537-1,test
6540-1,test
6541-1,calibracion
6542-1,calibracion
6544-1,calibracion
6545-1,test
6550-1,calibracion
6552-1,test
6553-1,test
6556-1,test
6562-1,test
6571-1,calibracion
6581-1,calibracion
6592-1,test
6594-1,test
6596-1,calibracion
6597-1,calibracion
6598-1,calibracion
6599-1,calibracion
6600-1,calibracion
6601-1,calibracion
6602-1,calibracion
6603-1,calibracion
6604-1,calibracion
6605-1,calibracion
6606-1,calibracion
6607-1,calibracion
6608-1,calibracion
6609-1,calibracion
6611-1,calibracion
6612-1,calibracion
6613-1,calibracion
6614-1,calibracion
6615-1,calibracion
6622-1,calibracion
6623-1,calibracion
6624-1,calibracion
6625-1,calibracion
6626-1,calibracion
6627-1,calibracion
6628-1,calibracion
6629-1,calibracion
6630-1,calibracion
6631-1,calibracion
6632-1,calibracion
6633-1,calibracion
6634-1,test
6641-1,calibracion
6642-1,calibracion
6643-1,calibracion
6644-1,calibracion
6645-1,calibracion
6647-1,calibracion
6648-1,calibracion
6648-2,calibracion
6649-1,calibracion
6650-1,calibracion
6651-1,calibracion
6652-1,calibracion
6653-1,test
6656-1,test
6657-1,calibracion
6658-1,calibracion
6660-1,test
6661-1,calibracion
6663-1,calibracion
6666-1,calibracion
6667-1,calibracion
6668-1,test
6669-1,calibracion
6670-1,test
6673-1,calibracion
6674-1,calibracion
6675-1,calibracion
6676-1,calibracion
6677-1,calibracion
6678-1,calibracion
6679-1,calibracion
6679-2,calibracion
6680-1,calibracion
6681-1,calibracion
6682-1,calibracion
6683-1,calibracion
6684-1,calibracion
6685-1,calibracion
6687-1,test
6688-1,calibracion
6689-1,calibracion
6690-1,calibracion
6691-1,calibracion
6692-1,calibracion
6693-1,test
6694-1,calibracion
6695-1,calibracion
6696-1,test
6697-1,test
6698-1,calibracion
6699-1,calibracion
6706-1,test
6709-1,test
6712-1,calibracion
6716-1,calibracion
6718-1,calibracion
6741-1,calibracion
6742-1,calibracion
6743-1,calibracion
6745-1,calibracion
6747-1,calibracion
6753-1,calibracion
6755-1,calibracion
6761-1,test
6765-1,calibracion
6769-1,calibracion
6770-1,calibracion
6780-1,calibracion
6781-1,calibracion
6790-1,calibracion
6799-1,calibracion
6801-1,calibracion
6805-1,calibracion
6810-1,calibracion
6811-1,calibracion
6812-1,calibracion
6813-1,calibracion
6814-1,calibracion
6821-1,calibracion
6822-1,test
6825-1,calibracion
6827-1,calibracion
6828-1,calibracion
6830-1,calibracion
6831-1,calibracion
6832-1,test
6833-1,calibracion
6834-1,calibracion
6835-1,calibracion
6841-1,calibracion
6842-1,calibracion
6844-1,calibracion
6848-1,calibracion
6850-1,test
6851-1,calibracion
6852-1,test
6861-1,calibracion
6861-2,calibracion
6862-1,test
6870-1,test
6875-1,test
6876-1,calibracion
6877-1,calibracion
6878-1,test
6879-1,test
6880-1,calibracion
6884-1,calibracion
6885-1,test
6886-1,calibracion
6887-1,calibracion
6889-1,calibracion
689-1,calibracion
6890-1,calibracion
6891-1,test
6893-1,calibracion
6894-1,calibracion
6895-1,calibracion
6896-1,calibracion
6897-1,calibracion
6898-1,calibracion
6901-1,calibracion
6911-1,calibracion
6912-1,calibracion
6919-1,calibracion
6923-1,test
6925-1,calibracion
6927-1,calibracion
6929-1,calibracion
6931-1,calibracion
6932-1,test
6933-1,calibracion
6939-1,calibracion
6941-1,calibracion
6949-1,calibracion
6950-1,calibracion
6951-1,calibracion
6953-1,calibracion
6954-1,calibracion
6955-1,calibracion
6956-1,calibracion
6957-1,calibracion
6959-1,calibracion
6964-1,calibracion
6965-1,calibracion
6966-1,calibracion
6967-1,calibracion
6970-1,calibracion
6973-1,test
6980-1,test
6981-1,calibracion
6983-1,calibracion
6984-1,calibracion
6986-1,calibracion
6987-1,calibracion
6988-1,calibracion
6989-1,calibracion
6990-1,calibracion
6991-1,calibracion
70127-1,calibracion
70814-1,calibracion
70816-1,calibracion
71006-1,calibracion
7101-1,calibracion
7106-1,calibracion
7110-1,calibracion
7111-1,calibracion
71200-1,calibracion
7121-1,calibracion
7128-1,calibracion
7130-1,test
7131-1,calibracion
7140-1,calibracion
7141-1,calibracion
7150-1,test
7161-1,calibracion
7180-1,calibracion
7181-1,test
7191-1,test
7209-1,calibracion
7210-1,calibracion
7218-1,calibracion
7219-1,calibracion
722-1,calibracion
7221-1,calibracion
7222-1,test
7223-1,calibracion
7235-1,calibracion
7236-1,calibracion
7242-1,calibracion
7245-1,test
7246-1,calibracion
7248-1,calibracion
7268-1,test
7269-1,calibracion
7270-1,calibracion
7271-1,test
7272-1,calibracion
7274-1,calibracion
7275-1,calibracion
7276-1,test
7278-1,test
7306-1,calibracion
7325-1,calibracion
7326-1,calibracion
7327-1,calibracion
733-1,test
7347-1,test
7410-1,calibracion
744-1,calibracion
7452-1,calibracion
7453-1,test
75010-1,calibracion
75033-1,calibracion
75050-1,calibracion
75053-1,calibracion
75054-1,calibracion
75055-1,test
75060-1,calibracion
75075-1,test
75102-1,calibracion
75144-1,calibracion
75155-1,calibracion
75181-1,calibracion
75253-1,calibracion
75272-1,test
75276-1,calibracion
75277-1,calibracion
75317-1,calibracion
75870-1,calibracion
75878-1,calibracion
75892-1,calibracion
75893-1,calibracion
75895-1,calibracion
75948-1,calibracion
75953-1,calibracion
75954-1,calibracion
75966-1,calibracion
75968-1,calibracion
75969-1,calibracion
75980-1,test
7601-1,test
7602-1,test
7603-1,calibracion
76042-1,calibracion
7607-1,test
7608-1,test
7609-1,test
7610-1,calibracion
7611-1,test
7612-1,calibracion
7613-1,test
76139-1,test
76161-1,calibracion
7630-1,calibracion
7631-1,test
7632-1,calibracion
7634-1,calibracion
7635-1,calibracion
7636-1,calibracion
7637-1,calibracion
7638-1,calibracion
7639-1,test
7641-1,calibracion
7657-1,calibracion
7667-1,calibracion
7685-1,calibracion
76897-1,calibracion
7715-1,calibracion
7722-1,calibracion
7725-1,test
7730-1,calibracion
7731-1,calibracion
7732-1,calibracion
7733-1,test
7735-1,test
7736-1,calibracion
7737-1,calibracion
7740-1,calibracion
7741-1,calibracion
7743-1,calibracion
7745-1,calibracion
7746-1,calibracion
7747-1,calibracion
7750-1,calibracion
7755-1,calibracion
7760-1,calibracion
7784-1,calibracion
77904-1,calibracion
7796-1,test
7800-1,calibracion
7801-1,calibracion
7802-1,calibracion
7803-1,test
7808-1,calibracion
7810-1,calibracion
7813-1,test
7815-1,calibracion
7816-1,test
7817-1,calibracion
7819-1,calibracion
7821-1,calibracion
7822-1,calibracion
7823-1,test
7824-1,calibracion
7834-1,calibracion
7835-1,test
7839-1,test
7866-1,calibracion
7875-1,calibracion
7893-1,calibracion
7902-1,calibracion
7903-1,calibracion
7910-1,test
7911-1,calibracion
7912-1,calibracion
7936-1,calibracion
7942-1,calibracion
7990-1,calibracion
7991-1,test
7992-1,calibracion
7997-1,calibracion
8001-1,calibracion
8002-1,calibracion
8012-1,calibracion
8020-1,calibracion
8022-1,calibracion
8024-1,calibracion
8028-1,test
8029-1,calibracion
8031-1,test
8032-1,calibracion
8033-1,calibracion
8049-1,calibracion
8054-1,calibracion
8062-1,calibracion
8063-1,calibracion
8074-1,test
8081-1,calibracion
8094-1,calibracion
8099-1,calibracion
8110-1,calibracion
8119-1,test
8120-1,test
8121-1,test
8122-1,test
8123-1,calibracion
8124-1,calibracion
8125-1,calibracion
8126-1,test
8130-1,calibracion
8131-1,test
8132-1,calibracion
8133-1,test
8134-1,test
8135-1,calibracion
8143-1,calibracion
8147-1,calibracion
8148-1,calibracion
8149-1,test
8150-1,calibracion
8151-1,calibracion
8152-1,calibracion
8154-1,calibracion
8156-1,calibracion
8158-1,calibracion
8159-1,calibracion
8160-1,calibracion
8161-1,calibracion
8169-1,test
8182-1,test
8186-1,calibracion
8192-1,calibracion
8193-1,calibracion
8194-1,calibracion
8195-1,calibracion
8196-1,calibracion
8197-1,test
8198-1,calibracion
8199-1,test
8202-1,calibracion
8203-1,calibracion
8204-1,calibracion
8208-1,calibracion
8209-1,calibracion
8211-1,test
8217-1,calibracion
8218-1,calibracion
8245-1,calibracion
8256-1,test
8257-1,calibracion
8258-1,test
8259-1,calibracion
8260-1,calibracion
8261-1,calibracion
8270-1,calibracion
8272-1,calibracion
8273-1,calibracion
8274-1,test
8275-1,calibracion
8281-1,calibracion
8283-1,test
8285-1,calibracion
8289-1,calibracion
8301-1,calibracion
8302-1,calibracion
8303-1,calibracion
8304-1,calibracion
8399-1,calibracion
8400-1,calibracion
8416-1,calibracion
8418-1,calibracion
8419-1,calibracion
8448-1,calibracion
8464-1,test
8466-1,calibracion
8495-1,test
850-1,test
851-1,test
852-1,calibracion
8527-1,test
854-1,calibracion
8641-1,calibracion
8642-1,calibracion
8643-1,calibracion
8644-1,calibracion
8655-1,calibracion
8656-1,test
8657-1,calibracion
8658-1,calibracion
8661-1,calibracion
8662-1,calibracion
8663-1,calibracion
8664-1,calibracion
8665-1,test
8666-1,calibracion
8681-1,calibracion
8808-1,calibracion
8810-1,calibracion
8815-1,calibracion
8820-1,calibracion
8824-1,calibracion
8825-1,calibracion
8826-1,calibracion
8828-1,calibracion
8830-1,calibracion
8832-1,calibracion
8835-1,calibracion
8836-1,test
8837-1,test
8838-1,calibracion
8840-1,calibracion
8841-1,calibracion
8844-1,calibracion
8845-1,calibracion
8848-1,calibracion
8849-1,calibracion
885-1,calibracion
8850-1,calibracion
8851-1,calibracion
8854-1,test
8855-1,calibracion
8856-1,test
8859-1,calibracion
886-1,calibracion
8862-1,test
8865-1,calibracion
8868-1,calibracion
8880-1,calibracion
889-1,calibracion
891-1,test
894-1,calibracion
897-1,calibracion
9092-1,calibracion
9093-1,calibracion
9094-1,test
9095-1,calibracion
918-1,calibracion
920-2,calibracion
924-1,calibracion
926-1,calibracion
928-1,test
9390-1,calibracion
9391-1,calibracion
9392-1,calibracion
9393-1,calibracion
9394-1,calibracion
9395-1,calibracion
9396-1,calibracion
9397-1,calibracion
9469-1,test
9470-1,calibracion
9471-1,calibracion
9476-1,calibracion
950-1,calibracion
952-1,calibracion
956-1,calibracion
